area,perimeter,width,height,aspect_ratio,target_size
474.3089716620743,87.11481666564941,32,31,1.0322580312174827,1.0
527.1394244991243,91.83882141113281,33,34,0.9705882067474058,1.0
888.8697205670178,119.32511138916016,40,42,0.952380929705216,1.0
485.47826235741377,88.13594818115234,32,32,0.9999999687500011,1.0
606.149595150724,98.48072624206543,36,35,1.0285713991836745,1.0
665.2791641801596,103.17259216308594,38,37,1.0270269992695407,1.0
695.1396319232881,105.60904693603516,35,34,1.0294117344290667,1.0
561.1740334704518,94.75697708129883,35,34,1.0294117344290667,1.0
536.8735682964325,92.6828727722168,33,34,0.9705882067474058,1.0
508.5209876149893,90.2068099975586,33,32,1.0312499677734386,1.0
672.9192693438381,103.76304817199707,37,38,0.9736841849030479,1.0
585.3045243564993,96.77256965637207,35,34,1.0294117344290667,1.0
614.0560467354953,99.12157440185547,36,36,0.999999972222223,1.0
629.3114299550653,100.3448715209961,37,36,1.027777749228396,1.0
675.987100251019,103.99940490722656,36,36,0.999999972222223,1.0
517.579952031374,91.00207901000977,34,33,1.0303029990817274,1.0
442.6743362620473,84.21180534362793,31,31,0.9999999677419364,1.0
550.1256956718862,93.89502334594727,34,34,0.9999999705882362,1.0
420.0835517719388,81.98404693603516,30,30,0.9999999666666678,1.0
349.66907839104533,75.63213729858398,28,27,1.0370369986282593,1.0
561.8614618964493,94.81474685668945,34,34,0.9999999705882362,1.0
627.7015484590083,100.22612190246582,33,33,0.9999999696969707,1.0
727.9778457805514,108.05600929260254,36,35,1.0285713991836745,1.0
680.8629474788904,104.37384796142578,38,37,1.0270269992695407,1.0
564.7134309522808,95.05606269836426,34,34,0.9999999705882362,1.0
583.6082822084427,96.63277626037598,35,35,0.9999999714285723,1.0
680.6595033444464,104.35816764831543,38,38,0.9999999736842113,1.0
712.4064915925264,106.90534210205078,36,34,1.0588234982698972,1.0
539.0538643598557,92.87099266052246,34,34,0.9999999705882362,1.0
585.3387832157314,96.77594375610352,34,33,1.0303029990817274,1.0
611.6247725598514,98.92499542236328,35,34,1.0294117344290667,1.0
737.8816907536238,108.65623092651367,39,39,0.999999974358975,1.0
699.6400305675343,105.80315589904785,39,39,0.999999974358975,1.0
533.5579616762698,92.3959846496582,33,34,0.9705882067474058,1.0
543.9272364480421,93.28927803039551,34,34,0.9999999705882362,1.0
629.7378033399582,100.38652420043945,35,35,0.9999999714285723,1.0
735.499727204442,108.4811897277832,39,39,0.999999974358975,1.0
650.1649448759854,101.9950942993164,36,36,0.999999972222223,1.0
559.6886721588671,94.63142395019531,34,34,0.9999999705882362,1.0
728.320554682985,107.94996643066406,39,39,0.999999974358975,1.0
537.1409421041608,92.7103157043457,34,34,0.9999999705882362,1.0
803.5605337563902,113.38898468017578,41,41,0.9999999756097567,1.0
503.6446186006069,89.76853561401367,32,33,0.969696940312214,1.0
768.2021468356252,110.95226287841797,38,38,0.9999999736842113,1.0
721.0865849331021,107.41254043579102,39,39,0.999999974358975,1.0
492.8475811202079,88.80108833312988,32,32,0.9999999687500011,1.0
527.2533535026014,91.84869003295898,33,32,1.0312499677734386,1.0
508.4933631271124,90.19949913024902,32,32,0.9999999687500011,1.0
663.0674254372716,103.00222778320312,37,36,1.027777749228396,1.0
554.8985166940838,94.22716331481934,33,33,0.9999999696969707,1.0
631.0663874018937,100.48638725280762,35,35,0.9999999714285723,1.0
758.8498850502074,110.18922424316406,39,39,0.999999974358975,1.0
691.7692528776824,105.20668029785156,38,38,0.9999999736842113,1.0
420.46176087111235,82.02937698364258,30,30,0.9999999666666678,1.0
382.7950123772025,78.3274917602539,28,28,0.9999999642857155,1.0
537.7991274185479,92.76276779174805,33,34,0.9705882067474058,1.0
674.2885676249862,104.00447845458984,36,34,1.0588234982698972,1.0
670.3781116120517,103.56692886352539,38,37,1.0270269992695407,1.0
536.4013124480844,92.64266586303711,33,32,1.0312499677734386,1.0
593.5473567433655,97.4521541595459,35,34,1.0294117344290667,1.0
674.9209472611547,103.91728019714355,38,38,0.9999999736842113,1.0
539.7335804253817,92.9289665222168,34,34,0.9999999705882362,1.0
650.4424980524927,102.02419853210449,37,36,1.027777749228396,1.0
690.396172106266,105.46331024169922,35,32,1.0937499658203136,1.0
848.0092804580927,116.48273849487305,41,42,0.9761904529478465,1.0
641.2061212360859,101.28908157348633,34,34,0.9999999705882362,1.0
400.83347691223025,80.16100311279297,29,30,0.9666666344444454,1.0
858.3277727887034,118.13932037353516,42,38,1.105263128808865,1.0
482.12354514189065,88.20458793640137,32,32,0.9999999687500011,1.0
535.6411987077445,92.57618522644043,34,34,0.9999999705882362,1.0
675.2376815956086,103.94217300415039,37,37,0.9999999729729737,1.0
319.6341416873038,71.69500732421875,18,20,0.8999999550000022,1.0
287.2311649136245,70.82147216796875,24,13,1.8461537041420228,1.0
619.4782836399972,99.55767059326172,36,36,0.999999972222223,1.0
586.3922952171415,96.8630313873291,35,36,0.9722221952160502,1.0
460.03799871355295,85.79425811767578,31,31,0.9999999677419364,1.0
430.0552677884698,82.95134162902832,30,30,0.9999999666666678,1.0
741.6459890725091,108.93603897094727,37,37,0.9999999729729737,1.0
513.6322709340602,90.65859031677246,31,31,0.9999999677419364,1.0
691.3198205381632,105.17215538024902,38,38,0.9999999736842113,1.0
542.0826103677973,93.13091850280762,33,33,0.9999999696969707,1.0
632.8956776410341,100.6367015838623,33,34,0.9705882067474058,1.0
486.9294536188245,88.26669502258301,32,32,0.9999999687500011,1.0
509.6392902210355,90.30159378051758,33,33,0.9999999696969707,1.0
496.44123767502606,89.12400245666504,31,30,1.03333329888889,1.0
500.6496214289218,89.50125694274902,32,32,0.9999999687500011,1.0
723.853957593441,107.71192932128906,36,34,1.0588234982698972,1.0
663.4520910307765,103.03057479858398,37,38,0.9736841849030479,1.0
575.7821739241481,95.98260498046875,35,35,0.9999999714285723,1.0
556.577531285584,94.36844253540039,34,34,0.9999999705882362,1.0
609.7612805664539,98.77391242980957,36,35,1.0285713991836745,1.0
461.90806033462286,85.96845245361328,31,31,0.9999999677419364,1.0
401.3659090064466,80.13671875,29,29,0.9999999655172426,1.0
477.2958441004157,87.38869857788086,32,32,0.9999999687500011,1.0
539.6843519732356,92.9252700805664,34,34,0.9999999705882362,1.0
537.744240893051,92.75848388671875,34,33,1.0303029990817274,1.0
733.0879830857739,108.30352783203125,38,38,0.9999999736842113,1.0
674.271615371108,103.86873245239258,37,37,0.9999999729729737,1.0
624.9294635355473,99.9948844909668,37,36,1.027777749228396,1.0
684.2826393954456,104.63568115234375,37,36,1.027777749228396,1.0
507.22053088247776,90.08668327331543,32,33,0.969696940312214,1.0
319.50308933109045,71.83029365539551,27,26,1.0384614985207115,1.0
959.0931558515877,123.87927627563477,44,43,1.0232557901568422,1.0
619.1157032959163,99.5285472869873,36,36,0.999999972222223,1.0
453.43679900467396,85.17646789550781,31,31,0.9999999677419364,1.0
395.20452071353793,79.51925849914551,29,29,0.9999999655172426,1.0
755.056533635594,109.91384887695312,38,38,0.9999999736842113,1.0
719.6662297099829,107.30673217773438,39,39,0.999999974358975,1.0
509.1513801589608,90.26644706726074,32,31,1.0322580312174827,1.0
578.4491639919579,96.341064453125,35,34,1.0294117344290667,1.0
877.1837303414941,118.96371841430664,39,35,1.1142856824489806,1.0
431.4816312082112,83.35600280761719,30,30,0.9999999666666678,1.0
590.7664021775126,97.5633316040039,36,36,0.999999972222223,1.0
614.9122656062245,99.19014358520508,36,35,1.0285713991836745,1.0
492.1387844905257,88.73712158203125,31,31,0.9999999677419364,1.0
404.47503888607025,80.44646072387695,29,28,1.035714248724491,1.0
697.1977783516049,105.63003540039062,35,35,0.9999999714285723,1.0
523.8693349957466,91.56197929382324,32,32,0.9999999687500011,1.0
719.9077908098698,107.32470321655273,39,39,0.999999974358975,1.0
634.7387896608561,100.77669143676758,37,37,0.9999999729729737,1.0
670.8299287557602,103.60183715820312,36,36,0.999999972222223,1.0
512.2740852311254,90.53440475463867,34,33,1.0303029990817274,1.0
443.3935579955578,84.23019218444824,30,31,0.9677419042663902,1.0
527.3310519922525,92.09533309936523,34,33,1.0303029990817274,1.0
465.3416159003973,86.28831481933594,31,31,0.9999999677419364,1.0
252.6910660583526,64.73851585388184,17,22,0.7727272376033073,1.0
638.9704749435186,101.1131591796875,36,36,0.999999972222223,1.0
730.443654505536,108.10719680786133,39,39,0.999999974358975,1.0
687.5544646047056,104.88602447509766,38,38,0.9999999736842113,1.0
510.891443811357,90.41197395324707,32,32,0.9999999687500011,1.0
654.3471886515617,102.32186889648438,37,37,0.9999999729729737,1.0
555.3238322362304,94.2641429901123,33,32,1.0312499677734386,1.0
549.5925872772932,93.81391334533691,34,34,0.9999999705882362,1.0
880.8655710145831,118.73073768615723,43,43,0.9999999767441866,1.0
603.6840526498854,98.28337478637695,36,36,0.999999972222223,1.0
372.50746573507786,77.20463562011719,28,28,0.9999999642857155,1.0
479.17169713974,87.56024932861328,32,32,0.9999999687500011,1.0
593.0184191390872,97.40823364257812,33,34,0.9705882067474058,1.0
483.4350371658802,88.04816818237305,31,32,0.9687499697265636,1.0
572.3675875142217,95.7398796081543,34,34,0.9999999705882362,1.0
606.2176594510674,98.78377151489258,36,36,0.999999972222223,1.0
515.2013093903661,90.80826568603516,33,33,0.9999999696969707,1.0
517.0698996819556,90.9569206237793,33,33,0.9999999696969707,1.0
463.0435129106045,86.07406616210938,32,31,1.0322580312174827,1.0
507.11615009978414,90.0774917602539,33,32,1.0312499677734386,1.0
435.7762193568051,83.67739486694336,30,31,0.9677419042663902,1.0
542.4061775337905,93.22429847717285,34,34,0.9999999705882362,1.0
561.8688972294331,94.83804702758789,35,35,0.9999999714285723,1.0
721.8659296780825,107.47068786621094,39,38,1.0263157624653747,1.0
480.4939861521125,87.69012832641602,29,29,0.9999999655172426,1.0
757.2099366113544,110.07013893127441,40,40,0.9999999750000007,1.0
460.7211044486612,86.24014091491699,31,32,0.9687499697265636,1.0
347.09401169233024,74.53943824768066,27,27,0.9999999629629643,1.0
422.35415316559374,82.28485870361328,30,29,1.0344827229488716,1.0
522.1542623229325,92.3749942779541,34,32,1.0624999667968762,1.0
539.5522596174851,92.91361618041992,33,33,0.9999999696969707,1.0
287.5437280833721,68.478271484375,16,21,0.7619047256235845,1.0
348.0588288931176,75.56834697723389,24,27,0.8888888559670793,1.0
347.12146908044815,75.0751953125,22,18,1.2222221543209915,1.0
561.400040525943,94.77579498291016,33,33,0.9999999696969707,1.0
623.2706276401877,99.8801212310791,34,34,0.9999999705882362,1.0
546.3002717671916,93.49259567260742,33,33,0.9999999696969707,1.0
621.8368558064103,99.77128219604492,33,34,0.9705882067474058,1.0
436.09952142834663,83.53242301940918,31,30,1.03333329888889,1.0
531.4028401784599,92.20917510986328,32,33,0.969696940312214,1.0
543.9269472807646,93.28923416137695,33,33,0.9999999696969707,1.0
662.3895643055439,102.95721817016602,35,36,0.9722221952160502,1.0
400.15100361406803,80.03527450561523,29,30,0.9666666344444454,1.0
427.6985003128648,82.90062522888184,29,30,0.9666666344444454,1.0
587.5673736482859,96.96027946472168,34,35,0.9714285436734702,1.0
728.4193595573306,107.95771789550781,39,39,0.999999974358975,1.0
738.2375257834792,108.6826171875,39,39,0.999999974358975,1.0
545.1524879559875,93.39428520202637,34,33,1.0303029990817274,1.0
613.2465193551034,99.07526397705078,33,33,0.9999999696969707,1.0
566.7120105316862,95.22356605529785,35,34,1.0294117344290667,1.0
506.79833706095815,90.04894638061523,32,31,1.0322580312174827,1.0
388.1681096563116,79.12952041625977,29,29,0.9999999655172426,1.0
529.6911574043334,92.06409645080566,32,33,0.969696940312214,1.0
601.9528528992087,98.15558052062988,35,35,0.9999999714285723,1.0
544.8160052830353,93.36541557312012,34,33,1.0303029990817274,1.0
590.507873762399,97.23888397216797,36,35,1.0285713991836745,1.0
907.7166177257895,120.77494430541992,40,37,1.0810810518626743,1.0
526.5188169088215,91.86883354187012,34,33,1.0303029990817274,1.0
438.32825421728194,83.96610832214355,31,30,1.03333329888889,1.0
507.22412133961916,90.08682632446289,32,32,0.9999999687500011,1.0
533.7527617923915,92.41574287414551,33,33,0.9999999696969707,1.0
567.4747161716223,95.28717422485352,34,34,0.9999999705882362,1.0
537.9829225223511,92.77825546264648,34,34,0.9999999705882362,1.0
678.741622377187,104.21294593811035,37,37,0.9999999729729737,1.0
566.3221866935492,95.19040298461914,35,35,0.9999999714285723,1.0
756.9867218211293,110.0545883178711,38,39,0.9743589493754116,1.0
607.8777407314628,98.62109756469727,35,35,0.9999999714285723,1.0
522.2055043652654,91.40777206420898,33,32,1.0312499677734386,1.0
715.2113812305033,107.03837776184082,39,39,0.999999974358975,1.0
904.2128465361893,120.67407035827637,39,35,1.1142856824489806,1.0
503.29142467305064,89.9449691772461,32,33,0.969696940312214,1.0
512.3000317960978,90.73968124389648,33,33,0.9999999696969707,1.0
628.0248901862651,100.24367141723633,36,36,0.999999972222223,1.0
730.7293247859925,108.12834930419922,39,39,0.999999974358975,1.0
691.8170420322567,105.2100944519043,38,38,0.9999999736842113,1.0
703.9674076084048,106.13186073303223,37,37,0.9999999729729737,1.0
731.2617718148977,108.16816329956055,38,39,0.9743589493754116,1.0
725.5394031051546,107.74600601196289,37,37,0.9999999729729737,1.0
469.33095248043537,86.65886688232422,30,30,0.9999999666666678,1.0
699.5570719540119,105.79690361022949,38,39,0.9743589493754116,1.0
539.4721243623644,92.9064712524414,33,33,0.9999999696969707,1.0
672.0721020288765,103.69788360595703,37,37,0.9999999729729737,1.0
532.4908479377627,92.34135055541992,33,33,0.9999999696969707,1.0
601.8520698286593,98.1313533782959,36,35,1.0285713991836745,1.0
649.8614277616143,101.96989059448242,37,37,0.9999999729729737,1.0
624.8582715243101,99.98896598815918,36,36,0.999999972222223,1.0
536.9803757369518,92.6921272277832,33,33,0.9999999696969707,1.0
379.4266218729317,78.00217247009277,29,28,1.035714248724491,1.0
518.3404890643433,91.06863594055176,33,34,0.9705882067474058,1.0
622.3194705657661,99.78976440429688,34,34,0.9999999705882362,1.0
540.6452689133584,93.00997924804688,32,32,0.9999999687500011,1.0
745.256282184273,109.19876098632812,38,38,0.9999999736842113,1.0
594.6949407579377,97.54575729370117,36,35,1.0285713991836745,1.0
820.7423309739679,114.59546279907227,40,40,0.9999999750000007,1.0
471.4667629543692,86.85332107543945,30,30,0.9999999666666678,1.0
579.2981628337875,96.27473258972168,35,35,0.9999999714285723,1.0
527.1721558868885,91.87712860107422,32,33,0.969696940312214,1.0
536.1558366082609,92.63337326049805,32,32,0.9999999687500011,1.0
505.3716656193137,89.98211669921875,32,33,0.969696940312214,1.0
607.7431585304439,98.62164688110352,35,35,0.9999999714285723,1.0
403.2318235337734,80.32564163208008,29,29,0.9999999655172426,1.0
842.1006741318852,116.08209037780762,40,41,0.9756097323022017,1.0
713.8659547045827,106.87853240966797,36,36,0.999999972222223,1.0
492.6426586769521,88.78583908081055,31,30,1.03333329888889,1.0
678.2236293703318,104.17121887207031,38,37,1.0270269992695407,1.0
564.978172596544,95.07912826538086,34,33,1.0303029990817274,1.0
738.9033127380535,108.73240089416504,39,39,0.999999974358975,1.0
690.7975179068744,105.15690994262695,38,37,1.0270269992695407,1.0
608.2066924162209,98.64809799194336,36,36,0.999999972222223,1.0
461.19462198391557,85.90202331542969,31,32,0.9687499697265636,1.0
397.9406595546752,79.79403305053711,30,29,1.0344827229488716,1.0
483.98124296963215,87.99856948852539,32,31,1.0322580312174827,1.0
660.8829596731812,102.83088493347168,37,37,0.9999999729729737,1.0
403.9192885234952,80.39116287231445,28,29,0.9655172080856135,1.0
526.0888275764883,91.74678039550781,34,33,1.0303029990817274,1.0
684.2112019322813,104.63003349304199,38,38,0.9999999736842113,1.0
437.19732000119984,83.6373176574707,30,31,0.9677419042663902,1.0
620.9675326943398,99.68105888366699,36,35,1.0285713991836745,1.0
748.131527217105,109.4083080291748,39,40,0.9749999756250006,1.0
720.5663126604632,107.37377548217773,39,38,1.0263157624653747,1.0
629.4116845726967,100.3524169921875,26,27,0.9629629272976693,1.0
718.28405283764,107.203369140625,28,28,0.9999999642857155,1.0
506.54322700574994,90.02606201171875,24,23,1.0434782155009472,1.0
302.17422707378864,69.8933515548706,21,23,0.9130434385633287,1.0
477.59010193683207,87.41560554504395,32,32,0.9999999687500011,1.0
872.7981494665146,118.20117568969727,41,40,1.0249999743750007,1.0
720.717933781445,107.38507843017578,39,39,0.999999974358975,1.0
447.6859938558191,84.63465690612793,31,31,0.9999999677419364,1.0
516.7083151098341,91.01814270019531,33,33,0.9999999696969707,1.0
550.1087333224714,93.81786155700684,33,33,0.9999999696969707,1.0
623.4522752463818,99.88744926452637,34,34,0.9999999705882362,1.0
514.2940096836537,90.71269989013672,33,33,0.9999999696969707,1.0
501.5537865385413,89.58293533325195,31,30,1.03333329888889,1.0
596.1213049292564,97.66305160522461,35,34,1.0294117344290667,1.0
713.1048548407853,106.81640625,39,39,0.999999974358975,1.0
718.130599022843,107.19215393066406,39,38,1.0263157624653747,1.0
840.0246482519433,115.93350791931152,42,41,1.0243902189173117,1.0
491.47206773236394,88.67694664001465,32,32,0.9999999687500011,1.0
589.2758831195533,97.10074615478516,35,35,0.9999999714285723,1.0
668.3990506231785,103.41404724121094,37,37,0.9999999729729737,1.0
632.8603245839477,100.62724304199219,37,36,1.027777749228396,1.0
743.2951394431293,109.05416870117188,39,39,0.999999974358975,1.0
499.5150090139359,89.39989280700684,33,33,0.9999999696969707,1.0
267.90148293599486,65.88707733154297,23,24,0.9583332934027794,1.0
622.8235995098948,99.82608032226562,35,35,0.9999999714285723,1.0
658.1191988661885,102.61571502685547,37,36,1.027777749228396,1.0
504.52227520011365,89.84682273864746,32,33,0.969696940312214,1.0
346.12554183602333,74.45309829711914,23,24,0.9583332934027794,1.0
501.34763916023076,89.5644645690918,33,33,0.9999999696969707,1.0
544.9250330738723,93.37499618530273,34,34,0.9999999705882362,1.0
449.2290183585137,84.78066062927246,30,30,0.9999999666666678,1.0
592.9912071861327,97.40907287597656,35,35,0.9999999714285723,1.0
460.77820873633027,85.94922065734863,31,31,0.9999999677419364,1.0
476.2466365545988,87.2924690246582,31,31,0.9999999677419364,1.0
535.1632333565503,92.53488540649414,33,33,0.9999999696969707,1.0
729.1420113071799,108.01184272766113,36,36,0.999999972222223,1.0
502.24406752735376,89.64354705810547,30,30,0.9999999666666678,1.0
711.7345544546843,106.71375274658203,38,39,0.9743589493754116,1.0
1259.8822164200246,141.97945022583008,50,50,0.9999999800000005,1.0
1246.048420516774,141.20009994506836,51,50,1.0199999796000006,1.0
428.8679187465459,82.85453987121582,30,30,0.9999999666666678,1.0
488.37486470490694,88.5147876739502,30,32,0.937499970703126,1.0
291.79393019527197,68.33082962036133,24,24,0.999999958333335,1.0
453.6059508640319,85.40242004394531,30,31,0.9677419042663902,1.0
405.067237559706,80.50678634643555,28,28,0.9999999642857155,1.0
577.8609069697559,96.15534973144531,35,35,0.9999999714285723,1.0
619.0379480347037,99.52219772338867,36,36,0.999999972222223,1.0
540.4863439053297,92.99370956420898,34,34,0.9999999705882362,1.0
623.9974866528064,99.93801689147949,34,34,0.9999999705882362,1.0
631.8884400427341,100.5500373840332,35,36,0.9722221952160502,1.0
672.9925009086728,103.76893615722656,36,36,0.999999972222223,1.0
511.39516554027796,90.45657730102539,32,33,0.969696940312214,1.0
712.546121224761,106.91274070739746,36,35,1.0285713991836745,1.0
679.8812452331185,104.29851913452148,37,37,0.9999999729729737,1.0
522.0813908334821,91.39737129211426,33,33,0.9999999696969707,1.0
583.252603109926,96.60342216491699,34,34,0.9999999705882362,1.0
519.2010701838881,91.14418029785156,33,33,0.9999999696969707,1.0
639.7956709265709,101.17703247070312,37,37,0.9999999729729737,1.0
211.01437913253903,58.85602951049805,19,22,0.863636324380167,1.0
477.2878017388284,87.387939453125,32,31,1.0322580312174827,1.0
592.3015388026834,97.35014724731445,35,35,0.9999999714285723,1.0
410.1423351187259,81.00813102722168,29,30,0.9666666344444454,1.0
608.6032123230398,98.68063545227051,36,36,0.999999972222223,1.0
724.9033964499831,107.69644737243652,39,39,0.999999974358975,1.0
706.8647154923528,106.3480167388916,39,39,0.999999974358975,1.0
590.3164637051523,97.18667602539062,35,35,0.9999999714285723,1.0
514.4970136098564,90.74185752868652,32,32,0.9999999687500011,1.0
731.0127177461982,108.15137100219727,38,38,0.9999999736842113,1.0
695.1301627978683,105.46159362792969,38,38,0.9999999736842113,1.0
761.9489318933338,110.41713905334473,38,38,0.9999999736842113,1.0
464.5618006065488,86.21533584594727,28,28,0.9999999642857155,1.0
707.734510794282,106.41344833374023,38,38,0.9999999736842113,1.0
545.4685887135565,93.42145538330078,34,34,0.9999999705882362,1.0
427.39755449816585,82.69464492797852,31,31,0.9999999677419364,1.0
539.5025178212672,92.90909576416016,34,34,0.9999999705882362,1.0
601.8590787360445,98.8505630493164,28,33,0.8484848227731873,1.0
352.07782120257616,75.05709075927734,27,27,0.9999999629629643,1.0
330.94684705138206,72.8258056640625,20,19,1.0526315235457093,1.0
617.2672935370356,99.38032531738281,36,35,1.0285713991836745,1.0
447.8213113024831,84.64740753173828,30,30,0.9999999666666678,1.0
487.5282122567296,88.40032958984375,31,31,0.9999999677419364,1.0
442.8116985037923,84.17319869995117,31,30,1.03333329888889,1.0
569.5511084534228,95.46171569824219,35,35,0.9999999714285723,1.0
633.679868478328,100.69267272949219,36,37,0.9729729466764069,1.0
800.6090192347765,113.1810073852539,40,39,1.0256409993425386,1.0
780.4419843582436,111.75233840942383,41,40,1.0249999743750007,1.0
493.9019099343568,88.89899635314941,30,29,1.0344827229488716,1.0
657.8262402638793,102.59280014038086,37,37,0.9999999729729737,1.0
507.2191354036331,90.08636474609375,32,32,0.9999999687500011,1.0
673.7880502417684,103.83010673522949,38,37,1.0270269992695407,1.0
538.5527620185167,92.83115196228027,33,32,1.0312499677734386,1.0
500.4431492574513,89.48267364501953,32,32,0.9999999687500011,1.0
676.2182069867849,104.01766967773438,37,37,0.9999999729729737,1.0
539.9567835330963,92.95295333862305,33,32,1.0312499677734386,1.0
541.3112145327032,93.06479072570801,33,34,0.9705882067474058,1.0
330.25289614498615,72.86798095703125,18,21,0.8571428163265326,1.0
403.22879822552204,80.80113983154297,28,30,0.9333333022222232,1.0
281.5652742572129,67.24671173095703,21,20,1.0499999475000026,1.0
474.2874504067004,87.11286163330078,32,31,1.0322580312174827,1.0
630.773492584005,100.46116638183594,36,36,0.999999972222223,1.0
399.25141704268754,79.92533111572266,29,28,1.035714248724491,1.0
502.4090411774814,89.6591911315918,32,32,0.9999999687500011,1.0
602.3842533007264,98.17720031738281,36,36,0.999999972222223,1.0
609.3992734700441,98.74467086791992,36,36,0.999999972222223,1.0
651.3931729178876,102.08990287780762,36,36,0.999999972222223,1.0
493.527068272233,88.8622817993164,32,32,0.9999999687500011,1.0
761.4742226973176,110.38008689880371,40,40,0.9999999750000007,1.0
524.198601514101,91.58257293701172,32,32,0.9999999687500011,1.0
701.5743492990732,105.9494857788086,38,38,0.9999999736842113,1.0
680.9682070892304,104.38174629211426,37,37,0.9999999729729737,1.0
535.2147797439247,92.53910446166992,33,32,1.0312499677734386,1.0
582.4805990867317,96.5389461517334,33,34,0.9705882067474058,1.0
633.2764938045293,100.66029167175293,37,36,1.027777749228396,1.0
730.924174586311,108.14270401000977,38,38,0.9999999736842113,1.0
503.90751254558563,89.79199981689453,32,33,0.969696940312214,1.0
364.70183504000306,76.39906311035156,28,28,0.9999999642857155,1.0
711.1737444074824,106.67975044250488,36,35,1.0285713991836745,1.0
502.94299483299255,89.70711135864258,30,30,0.9999999666666678,1.0
696.0293010361493,105.53056144714355,37,37,0.9999999729729737,1.0
629.1872811876237,100.3349838256836,37,36,1.027777749228396,1.0
691.8783965371549,105.21454048156738,36,36,0.999999972222223,1.0
503.5711745619774,89.76214981079102,32,33,0.969696940312214,1.0
395.61633156985044,79.56583404541016,27,27,0.9999999629629643,1.0
605.6033700723201,98.43666458129883,35,35,0.9999999714285723,1.0
448.9213334172964,84.75142669677734,30,30,0.9999999666666678,1.0
398.35126460902393,79.8351936340332,29,29,0.9999999655172426,1.0
499.9609617125243,89.43951416015625,33,33,0.9999999696969707,1.0
514.6646451111883,90.74613571166992,33,32,1.0312499677734386,1.0
476.71776335686445,87.33661651611328,31,32,0.9687499697265636,1.0
615.0977018550038,99.2049446105957,37,36,1.027777749228396,1.0
680.2389145307243,104.32586860656738,38,37,1.0270269992695407,1.0
509.2207476925105,90.26481246948242,32,32,0.9999999687500011,1.0
588.5136536937207,97.0374813079834,35,35,0.9999999714285723,1.0
505.84059557691216,89.96382904052734,32,32,0.9999999687500011,1.0
543.613997105509,93.26508331298828,31,31,0.9999999677419364,1.0
650.861817240715,102.04842758178711,37,37,0.9999999729729737,1.0
600.1514019146562,97.99607276916504,35,36,0.9722221952160502,1.0
514.0215821592137,90.79863357543945,32,33,0.969696940312214,1.0
355.7460072785616,75.44889831542969,26,26,0.9999999615384629,1.0
695.143271997571,105.46300506591797,38,37,1.0270269992695407,1.0
605.8985065575689,98.46611022949219,35,35,0.9999999714285723,1.0
571.7683799117804,95.64705657958984,34,35,0.9714285436734702,1.0
408.86119409278035,82.19653129577637,28,31,0.9032257773152975,1.0
587.7451107529923,96.97510528564453,35,35,0.9999999714285723,1.0
749.0033363699913,109.5350513458252,38,38,0.9999999736842113,1.0
724.780322319828,107.70338249206543,38,38,0.9999999736842113,1.0
453.0971354432404,85.19232559204102,30,30,0.9999999666666678,1.0
394.76717384159565,79.47573661804199,28,28,0.9999999642857155,1.0
577.1583419591188,96.09699630737305,34,35,0.9714285436734702,1.0
709.7544077178463,106.57711791992188,36,37,0.9729729466764069,1.0
514.149035340175,90.70925521850586,32,32,0.9999999687500011,1.0
682.3608299046755,104.48846054077148,38,38,0.9999999736842113,1.0
438.4914948884398,83.77000045776367,31,30,1.03333329888889,1.0
415.20058817602694,81.50808906555176,29,29,0.9999999655172426,1.0
399.91420872695744,80.01760864257812,29,29,0.9999999655172426,1.0
628.8850275594741,100.47807693481445,35,35,0.9999999714285723,1.0
494.31901003047824,88.93439102172852,32,33,0.969696940312214,1.0
587.1481771152467,96.92485618591309,35,35,0.9999999714285723,1.0
363.9499050080776,76.3432388305664,28,28,0.9999999642857155,1.0
450.01495821774006,84.92491912841797,31,31,0.9999999677419364,1.0
409.6999805383384,81.06725692749023,29,29,0.9999999655172426,1.0
631.8244111314416,100.54493713378906,36,37,0.9729729466764069,1.0
451.06318462640047,84.95331573486328,31,31,0.9999999677419364,1.0
407.52270656079054,80.74901008605957,29,29,0.9999999655172426,1.0
598.8496792316437,97.90124893188477,30,31,0.9677419042663902,1.0
550.8196466928348,93.87845230102539,34,34,0.9999999705882362,1.0
696.5187429152429,105.5668716430664,38,38,0.9999999736842113,1.0
590.7402710802853,97.2209644317627,35,34,1.0294117344290667,1.0
668.7878713924438,103.44410705566406,38,37,1.0270269992695407,1.0
602.9151465278119,98.22064590454102,34,34,0.9999999705882362,1.0
521.5407245494425,91.34943771362305,33,32,1.0312499677734386,1.0
291.5667889639735,68.61130809783936,24,24,0.999999958333335,1.0
521.0895323418081,91.309814453125,33,33,0.9999999696969707,1.0
649.2438892498612,101.9214096069336,37,37,0.9999999729729737,1.0
630.8397387862206,100.7042293548584,35,33,1.060606028466484,1.0
241.68072116561234,62.419071197509766,20,22,0.9090908677685968,1.0
645.0652086511254,101.5947265625,34,34,0.9999999705882362,1.0
527.7861803099513,91.89631271362305,33,33,0.9999999696969707,1.0
413.0137153919786,81.29182815551758,30,29,1.0344827229488716,1.0
485.72629238665104,88.41247940063477,30,32,0.937499970703126,1.0
633.6656236220151,100.69121932983398,36,35,1.0285713991836745,1.0
464.1996024996042,86.18143463134766,31,31,0.9999999677419364,1.0
413.98343639448285,81.38654708862305,29,30,0.9666666344444454,1.0
596.2609170433134,97.67494773864746,35,35,0.9999999714285723,1.0
672.0888112001121,103.69900894165039,38,38,0.9999999736842113,1.0
563.8685986474156,94.9841194152832,34,34,0.9999999705882362,1.0
823.4643561951816,114.8337287902832,37,37,0.9999999729729737,1.0
599.237659946084,97.9178352355957,35,35,0.9999999714285723,1.0
471.0375129804015,86.81388092041016,32,31,1.0322580312174827,1.0
412.32553577050567,81.22344589233398,30,30,0.9999999666666678,1.0
752.589247662574,109.73421096801758,38,39,0.9743589493754116,1.0
520.6362802907825,91.27938079833984,32,32,0.9999999687500011,1.0
702.9958268404007,106.05657577514648,39,38,1.0263157624653747,1.0
838.1297438321635,115.80348587036133,41,41,0.9999999756097567,1.0
610.0628949571401,98.79825973510742,35,35,0.9999999714285723,1.0
611.967333720997,98.9524154663086,35,36,0.9722221952160502,1.0
492.0487608984113,88.72931671142578,31,31,0.9999999677419364,1.0
695.6176282390952,105.49857902526855,38,39,0.9743589493754116,1.0
538.7609845884144,92.84522247314453,34,34,0.9999999705882362,1.0
570.4359885267913,95.54121017456055,35,35,0.9999999714285723,1.0
706.5703913941979,106.4310245513916,35,34,1.0294117344290667,1.0
507.07261856272817,90.0808219909668,33,32,1.0312499677734386,1.0
502.7813092395663,89.69146728515625,32,31,1.0322580312174827,1.0
661.6116002239287,102.8883228302002,37,37,0.9999999729729737,1.0
557.2318039331585,94.4262866973877,33,33,0.9999999696969707,1.0
675.5668610483408,103.96699905395508,37,38,0.9736841849030479,1.0
733.9341334216297,108.49469757080078,36,33,1.0909090578512408,1.0
573.0093942768872,95.75128173828125,35,35,0.9999999714285723,1.0
531.7890414856374,92.2430419921875,33,33,0.9999999696969707,1.0
496.4334315545857,89.12354850769043,32,31,1.0322580312174827,1.0
655.0565072596073,102.3773307800293,37,37,0.9999999729729737,1.0
576.0827046260238,96.00863456726074,35,34,1.0294117344290667,1.0
619.5075013227761,99.56019592285156,36,36,0.999999972222223,1.0
666.9092904478312,103.2986068725586,37,36,1.027777749228396,1.0
500.9260049909353,89.52585220336914,32,33,0.969696940312214,1.0
439.5633137151599,83.86331939697266,30,30,0.9999999666666678,1.0
554.9754994530231,94.2319221496582,33,33,0.9999999696969707,1.0
782.697898959741,111.90771484375,39,38,1.0263157624653747,1.0
637.1704281326383,100.96934127807617,37,37,0.9999999729729737,1.0
623.4695464745164,99.87778854370117,35,35,0.9999999714285723,1.0
521.096424035728,91.3106575012207,33,33,0.9999999696969707,1.0
309.8026873767376,70.42754554748535,25,24,1.0416666232638907,1.0
559.3244416881353,94.6006908416748,34,34,0.9999999705882362,1.0
551.151952650398,93.92426872253418,34,34,0.9999999705882362,1.0
326.28349630720913,72.58296012878418,20,24,0.8333332986111125,1.0
545.1386995017529,93.3956127166748,34,33,1.0303029990817274,1.0
436.9965096153319,83.61913108825684,30,29,1.0344827229488716,1.0
543.7017562612891,93.28951644897461,32,33,0.969696940312214,1.0
543.7371399616823,93.27312088012695,34,34,0.9999999705882362,1.0
668.1934257298708,103.39805221557617,37,37,0.9999999729729737,1.0
532.2220397517085,92.28002166748047,34,33,1.0303029990817274,1.0
634.9565101731569,100.8009147644043,36,35,1.0285713991836745,1.0
702.0836833268404,106.1147632598877,36,34,1.0588234982698972,1.0
499.75899613648653,89.42144393920898,32,33,0.969696940312214,1.0
528.3649236541241,91.94612121582031,31,32,0.9687499697265636,1.0
674.667127341032,103.89776229858398,38,37,1.0270269992695407,1.0
678.0457489639521,104.31961441040039,35,33,1.060606028466484,1.0
558.7661388274282,94.55362701416016,35,34,1.0294117344290667,1.0
582.5870753638446,96.54783248901367,35,35,0.9999999714285723,1.0
617.0536555051804,99.36273384094238,36,36,0.999999972222223,1.0
687.8657773658633,104.90908622741699,37,37,0.9999999729729737,1.0
501.89611183293164,89.6125545501709,33,33,0.9999999696969707,1.0
250.58611600100994,63.45898151397705,21,22,0.9545454111570267,1.0
545.443100200966,93.4191780090332,33,33,0.9999999696969707,1.0
653.3481128700078,102.2504768371582,35,36,0.9722221952160502,1.0
511.00679022073746,90.4221076965332,33,32,1.0312499677734386,1.0
576.1747659295797,96.01483154296875,35,34,1.0294117344290667,1.0
536.7524976879358,92.6768569946289,34,33,1.0303029990817274,1.0
612.5743512958288,99.00130081176758,36,36,0.999999972222223,1.0
745.7779698111117,109.23613739013672,39,39,0.999999974358975,1.0
501.48759032972157,89.57613945007324,33,33,0.9999999696969707,1.0
296.86236399412155,69.064453125,17,20,0.8499999575000021,1.0
547.8962767571211,93.62916564941406,34,34,0.9999999705882362,1.0
484.0580662675202,88.00587272644043,32,32,0.9999999687500011,1.0
644.8002806566656,101.57254981994629,37,37,0.9999999729729737,1.0
572.8728623595089,95.74066543579102,33,34,0.9705882067474058,1.0
679.8689649514854,104.29754257202148,38,38,0.9999999736842113,1.0
741.2861111611128,109.00650978088379,37,35,1.0571428269387764,1.0
575.9579132460058,95.99763870239258,35,34,1.0294117344290667,1.0
548.6919085290283,93.70097541809082,34,34,0.9999999705882362,1.0
473.05347936600447,86.99943923950195,32,32,0.9999999687500011,1.0
616.428554803133,99.31245994567871,36,36,0.999999972222223,1.0
419.56215932033956,81.93310928344727,30,30,0.9999999666666678,1.0
521.0291800014675,91.30573654174805,33,33,0.9999999696969707,1.0
739.5916418451816,108.78540229797363,36,36,0.999999972222223,1.0
506.2494671177119,90.0044174194336,30,30,0.9999999666666678,1.0
674.9920314252377,103.92274856567383,38,38,0.9999999736842113,1.0
453.8983224518597,85.23078727722168,31,31,0.9999999677419364,1.0
433.9161820448935,83.66199111938477,28,30,0.9333333022222232,1.0
509.44647401571274,90.28395080566406,33,32,1.0312499677734386,1.0
650.4848234727979,102.0190315246582,37,36,1.027777749228396,1.0
529.6098769474775,92.05965805053711,31,30,1.03333329888889,1.0
708.6638655336574,106.49269676208496,37,37,0.9999999729729737,1.0
512.6777293682098,90.57033920288086,30,30,0.9999999666666678,1.0
673.9376511573792,103.84150695800781,37,37,0.9999999729729737,1.0
513.7871897108853,90.66954040527344,33,33,0.9999999696969707,1.0
604.4640333652496,98.44634628295898,36,36,0.999999972222223,1.0
457.62127863802016,85.72042655944824,31,31,0.9999999677419364,1.0
771.4979605674744,111.65970230102539,37,34,1.0882352621107276,1.0
500.90284297429025,89.63897705078125,32,32,0.9999999687500011,1.0
463.47078129276633,86.11375617980957,32,32,0.9999999687500011,1.0
616.2735975123942,99.29999542236328,36,36,0.999999972222223,1.0
388.4773752614856,78.83955001831055,29,29,0.9999999655172426,1.0
512.8519928455353,90.84701538085938,33,33,0.9999999696969707,1.0
945.5855893325061,123.00391387939453,41,42,0.9761904529478465,1.0
552.7794170193374,94.0456314086914,34,34,0.9999999705882362,1.0
422.56660418212414,82.31671905517578,30,29,1.0344827229488716,1.0
523.1066936403513,91.48636817932129,33,33,0.9999999696969707,1.0
657.6567593514919,102.57956314086914,37,36,1.027777749228396,1.0
650.8773512132466,102.5522518157959,33,30,1.0999999633333346,1.0
654.4149433933198,102.34543228149414,36,36,0.999999972222223,1.0
415.0256721675396,81.74733352661133,29,30,0.9666666344444454,1.0
342.1887381542474,74.0079288482666,27,27,0.9999999629629643,1.0
581.340459715575,96.44429588317871,35,35,0.9999999714285723,1.0
398.3778267726302,79.83797454833984,28,28,0.9999999642857155,1.0
515.0641978085041,90.85530090332031,33,33,0.9999999696969707,1.0
520.0638269335032,91.22103500366211,34,33,1.0303029990817274,1.0
438.32569452002645,83.74521446228027,30,30,0.9999999666666678,1.0
638.3932721856982,101.07065200805664,36,36,0.999999972222223,1.0
746.3477352559566,109.27780151367188,39,39,0.999999974358975,1.0
710.3771615121514,106.61191177368164,39,38,1.0263157624653747,1.0
523.3117767348886,91.55120658874512,31,32,0.9687499697265636,1.0
562.4857863988727,94.86793518066406,34,34,0.9999999705882362,1.0
510.5763147212565,90.38402366638184,33,32,1.0312499677734386,1.0
593.7996905520558,97.47230529785156,36,35,1.0285713991836745,1.0
530.9977124724537,92.17889213562012,33,33,0.9999999696969707,1.0
713.1331468718126,106.82110404968262,37,38,0.9736841849030479,1.0
496.290687372908,89.11072540283203,31,31,0.9999999677419364,1.0
706.4789189249277,106.31900405883789,38,38,0.9999999736842113,1.0
785.352188155055,112.95623397827148,37,32,1.1562499638671888,1.0
616.1574564576149,99.32320213317871,37,36,1.027777749228396,1.0
491.1332587376237,88.92882919311523,33,32,1.0312499677734386,1.0
471.3382137976587,86.84810638427734,31,31,0.9999999677419364,1.0
479.54881067574024,87.59475326538086,32,32,0.9999999687500011,1.0
660.8470376804471,102.82889556884766,37,37,0.9999999729729737,1.0
557.7041267715394,94.46559524536133,34,34,0.9999999705882362,1.0
755.0991755388677,109.91741561889648,37,37,0.9999999729729737,1.0
473.6784571316093,87.05680274963379,30,30,0.9999999666666678,1.0
720.0183963812888,107.33295822143555,39,39,0.999999974358975,1.0
612.1692842692137,98.97172927856445,36,36,0.999999972222223,1.0
744.488925948739,109.1416244506836,40,39,1.0256409993425386,1.0
679.5634307898581,104.2752456665039,37,37,0.9999999729729737,1.0
749.9961089678109,109.54439926147461,37,37,0.9999999729729737,1.0
478.6846343278885,87.52056884765625,30,29,1.0344827229488716,1.0
710.7994921654463,106.64363861083984,38,38,0.9999999736842113,1.0
622.0668703429401,99.7654037475586,36,36,0.999999972222223,1.0
482.86586018279195,87.8970947265625,32,32,0.9999999687500011,1.0
421.86933245137334,82.15812110900879,30,30,0.9999999666666678,1.0
604.4283275716007,98.3425407409668,35,34,1.0294117344290667,1.0
731.4034516979009,108.1782169342041,39,39,0.999999974358975,1.0
686.6273424010724,104.81522750854492,37,37,0.9999999729729737,1.0
665.1071488410234,103.15911865234375,38,37,1.0270269992695407,1.0
650.8095098733902,102.2464599609375,28,25,1.1199999552000017,1.0
543.6440355889499,93.26501083374023,34,34,0.9999999705882362,1.0
572.9260356724262,95.74427032470703,35,35,0.9999999714285723,1.0
629.0175822470337,100.32402610778809,37,37,0.9999999729729737,1.0
740.219915881753,108.82827377319336,40,40,0.9999999750000007,1.0
701.4237654712051,105.93795394897461,39,39,0.999999974358975,1.0
727.9072780963033,107.91938018798828,40,39,1.0256409993425386,1.0
438.46574645489454,83.83464813232422,30,30,0.9999999666666678,1.0
497.69966120645404,90.06423568725586,33,33,0.9999999696969707,1.0
615.0392562374473,99.20042419433594,35,36,0.9722221952160502,1.0
445.66895661875606,84.4437141418457,31,30,1.03333329888889,1.0
397.0368231739849,79.7033634185791,29,29,0.9999999655172426,1.0
544.7291074469686,93.35957717895508,34,33,1.0303029990817274,1.0
457.3651517536491,85.54497909545898,31,31,0.9999999677419364,1.0
500.17763226665556,89.4588680267334,32,33,0.969696940312214,1.0
506.79432309791446,90.04927253723145,31,31,0.9999999677419364,1.0
532.5257706344128,92.30636215209961,33,34,0.9705882067474058,1.0
616.5078745614737,99.33350372314453,34,34,0.9999999705882362,1.0
618.3982037864625,99.47104454040527,36,37,0.9729729466764069,1.0
449.20253479480743,84.77785110473633,31,31,0.9999999677419364,1.0
401.3117287121713,80.13129043579102,30,29,1.0344827229488716,1.0
632.5294053293765,100.60110473632812,36,37,0.9729729466764069,1.0
480.0393181592226,87.6395149230957,31,31,0.9999999677419364,1.0
411.1374293230474,81.10635948181152,30,30,0.9999999666666678,1.0
604.5395396351814,98.35031509399414,35,35,0.9999999714285723,1.0
732.0671905148774,108.22727394104004,39,39,0.999999974358975,1.0
689.0751155465841,105.00131034851074,38,38,0.9999999736842113,1.0
594.0474369022995,97.49397659301758,34,33,1.0303029990817274,1.0
457.65593155659735,85.61080551147461,32,31,1.0322580312174827,1.0
553.836555197835,94.13527488708496,35,34,1.0294117344290667,1.0
554.5693355612457,94.19744110107422,34,34,0.9999999705882362,1.0
633.569683091715,100.69071769714355,34,34,0.9999999705882362,1.0
438.9416089504957,83.81642150878906,30,31,0.9677419042663902,1.0
907.3902322016656,121.82535743713379,44,40,1.0999999725000007,1.0
712.3438197411597,106.99871063232422,38,39,0.9743589493754116,1.0
584.7646923456341,96.79421424865723,35,35,0.9999999714285723,1.0
483.79519247077405,87.98636436462402,32,32,0.9999999687500011,1.0
438.24724980443716,83.75884819030762,30,30,0.9999999666666678,1.0
502.90331596136093,89.70228576660156,32,33,0.969696940312214,1.0
658.8463406637311,102.67292022705078,37,36,1.027777749228396,1.0
548.2641771007329,93.66146469116211,34,34,0.9999999705882362,1.0
629.9558683484793,100.39598274230957,37,36,1.027777749228396,1.0
739.8920987714082,108.80412483215332,39,38,1.0263157624653747,1.0
498.47066574543715,89.30633163452148,33,33,0.9999999696969707,1.0
265.5949208289385,65.22216796875,16,18,0.8888888395061756,1.0
388.31079101376235,78.90740394592285,29,29,0.9999999655172426,1.0
632.3470197618008,101.15782928466797,25,30,0.8333333055555564,1.0
771.4907618965954,111.10788345336914,38,38,0.9999999736842113,1.0
446.6566373370588,84.5398063659668,28,28,0.9999999642857155,1.0
675.6537058465183,103.9738655090332,36,37,0.9729729466764069,1.0
563.5466110352427,94.97432708740234,33,33,0.9999999696969707,1.0
490.56190069019794,88.5952262878418,32,32,0.9999999687500011,1.0
546.0511825252324,93.47165107727051,34,33,1.0303029990817274,1.0
706.3011790607125,106.30560874938965,38,38,0.9999999736842113,1.0
577.6883230209351,96.14113998413086,35,35,0.9999999714285723,1.0
836.6512856595218,115.70049285888672,41,42,0.9761904529478465,1.0
387.37009680457413,78.77856636047363,29,29,0.9999999655172426,1.0
518.3081400878727,91.33868408203125,33,34,0.9705882067474058,1.0
952.448863197118,124.20216751098633,44,40,1.0999999725000007,1.0
666.4942791461945,103.50372695922852,38,38,0.9999999736842113,1.0
534.8374232836068,92.50648880004883,34,33,1.0303029990817274,1.0
594.2258192263544,97.52119827270508,33,34,0.9705882067474058,1.0
497.1739868745208,89.18990325927734,33,32,1.0312499677734386,1.0
500.8238096162677,89.51709938049316,32,32,0.9999999687500011,1.0
621.9694914389402,99.75960922241211,36,36,0.999999972222223,1.0
696.0850784685463,105.53400802612305,39,38,1.0263157624653747,1.0
765.2941547688097,110.65618705749512,40,39,1.0256409993425386,1.0
738.2955281073228,108.6878833770752,37,37,0.9999999729729737,1.0
488.7873370181769,88.43508338928223,29,29,0.9999999655172426,1.0
702.7136736027896,106.03535842895508,38,38,0.9999999736842113,1.0
545.284919093363,93.4057388305664,34,34,0.9999999705882362,1.0
368.97572756558657,77.36687850952148,27,28,0.96428567984694,1.0
755.3129662144929,109.93246078491211,38,39,0.9743589493754116,1.0
637.0953676942736,100.9632339477539,36,35,1.0285713991836745,1.0
551.5635441578925,93.94221878051758,34,34,0.9999999705882362,1.0
524.0398501604795,91.58332061767578,33,33,0.9999999696969707,1.0
488.7293218486011,88.42928314208984,32,32,0.9999999687500011,1.0
518.0969895347953,91.04830551147461,31,31,0.9999999677419364,1.0
855.8303128313273,117.02580261230469,41,41,0.9999999756097567,1.0
608.0799711477011,98.63828468322754,36,36,0.999999972222223,1.0
731.7407800741494,108.20315551757812,39,39,0.999999974358975,1.0
693.1781502915546,105.31381607055664,38,38,0.9999999736842113,1.0
624.2509075142443,99.94037437438965,36,36,0.999999972222223,1.0
726.9308788822964,107.85053634643555,39,39,0.999999974358975,1.0
678.5414138287306,104.203125,37,37,0.9999999729729737,1.0
473.6143482606858,87.0514030456543,30,30,0.9999999666666678,1.0
620.312961217016,99.62466812133789,36,36,0.999999972222223,1.0
457.79018245637417,85.58437728881836,31,31,0.9999999677419364,1.0
408.19717402756214,80.81579780578613,30,29,1.0344827229488716,1.0
563.4647331144661,94.98663139343262,34,35,0.9714285436734702,1.0
779.0602640397847,111.72545623779297,38,39,0.9743589493754116,1.0
469.14186759479344,86.81069946289062,31,29,1.0689654803805007,1.0
639.6829869635403,101.17052459716797,36,36,0.999999972222223,1.0
593.8885383680463,97.49844741821289,36,35,1.0285713991836745,1.0
538.5667455215007,92.82845115661621,34,34,0.9999999705882362,1.0
592.1892706733197,97.35056686401367,35,35,0.9999999714285723,1.0
696.7997098490596,105.71248435974121,36,34,1.0588234982698972,1.0
494.15212263166904,88.9186782836914,32,32,0.9999999687500011,1.0
522.6825867965817,91.45048522949219,32,33,0.969696940312214,1.0
705.7426563175395,106.26359176635742,38,38,0.9999999736842113,1.0
526.9059482850134,91.81947708129883,33,33,0.9999999696969707,1.0
512.4479523971677,90.5496940612793,33,33,0.9999999696969707,1.0
507.55053474381566,90.11741638183594,31,31,0.9999999677419364,1.0
618.2384555488825,99.45825958251953,37,36,1.027777749228396,1.0
701.716559452936,105.96002388000488,38,38,0.9999999736842113,1.0
491.156251180917,88.64855194091797,32,32,0.9999999687500011,1.0
375.8930912837386,78.38151931762695,25,28,0.8928571109693889,1.0
518.2082816101611,91.0570297241211,33,33,0.9999999696969707,1.0
522.2969689872116,91.4162425994873,33,32,1.0312499677734386,1.0
452.71814182400703,85.10997772216797,31,31,0.9999999677419364,1.0
520.5430101007223,91.27254867553711,33,33,0.9999999696969707,1.0
482.75147362984717,87.99905395507812,32,31,1.0322580312174827,1.0
619.864148106426,99.58939743041992,35,35,0.9999999714285723,1.0
744.6361371092498,109.15240097045898,39,39,0.999999974358975,1.0
681.1283285543323,104.39469909667969,38,37,1.0270269992695407,1.0
670.6998488903046,103.59179306030273,37,38,0.9736841849030479,1.0
577.1475288420916,96.09592056274414,35,35,0.9999999714285723,1.0
478.2842307444662,87.52005767822266,32,32,0.9999999687500011,1.0
533.3957987427711,92.38172149658203,33,33,0.9999999696969707,1.0
583.7544378787279,96.65913772583008,34,34,0.9999999705882362,1.0
541.0606872523203,93.04376411437988,34,34,0.9999999705882362,1.0
495.0376528520137,88.99916076660156,32,31,1.0322580312174827,1.0
572.0713347606361,95.67239952087402,35,34,1.0294117344290667,1.0
619.4136057980359,99.55264663696289,36,36,0.999999972222223,1.0
626.7973118517548,100.14407539367676,34,33,1.0303029990817274,1.0
501.5011512655765,89.57721519470215,32,32,0.9999999687500011,1.0
616.0601834021509,99.28290176391602,35,35,0.9999999714285723,1.0
554.2944038752466,94.17476081848145,34,34,0.9999999705882362,1.0
508.0615161806345,90.16116142272949,33,32,1.0312499677734386,1.0
539.9896556213498,92.95554733276367,34,33,1.0303029990817274,1.0
636.6571366935968,100.92865371704102,37,36,1.027777749228396,1.0
677.3804948031902,104.25040817260742,36,35,1.0285713991836745,1.0
665.850050330162,103.21659088134766,37,38,0.9736841849030479,1.0
557.9368469361216,94.4843978881836,34,34,0.9999999705882362,1.0
557.3710916154087,94.43550300598145,34,34,0.9999999705882362,1.0
508.31358463689685,90.18351936340332,32,32,0.9999999687500011,1.0
546.5020329356194,93.51491165161133,33,33,0.9999999696969707,1.0
644.6693525724113,101.56190299987793,37,36,1.027777749228396,1.0
584.2351495269686,96.68457984924316,35,35,0.9999999714285723,1.0
730.8331563547254,108.13605117797852,39,39,0.999999974358975,1.0
702.3166048564017,106.0053596496582,38,38,0.9999999736842113,1.0
641.7319598384202,101.33067512512207,35,35,0.9999999714285723,1.0
716.0037047863007,107.03329086303711,39,38,1.0263157624653747,1.0
712.5765736605972,106.77683448791504,39,38,1.0263157624653747,1.0
537.4978524036705,92.7533187866211,33,34,0.9705882067474058,1.0
671.6257707877085,103.70193672180176,36,36,0.999999972222223,1.0
461.9360470212996,86.06263732910156,31,31,0.9999999677419364,1.0
476.84827423095703,87.34771347045898,32,31,1.0322580312174827,1.0
561.9109909497201,94.8209342956543,34,35,0.9714285436734702,1.0
460.3184344097972,85.82053756713867,31,31,0.9999999677419364,1.0
601.1661965493113,98.07960319519043,36,35,1.0285713991836745,1.0
628.2126768482849,100.25691986083984,35,36,0.9722221952160502,1.0
663.8325897529721,103.06711769104004,34,35,0.9714285436734702,1.0
699.6008296236396,105.80378341674805,38,37,1.0270269992695407,1.0
434.86584130488336,83.41475868225098,29,29,0.9999999655172426,1.0
737.1669318610802,108.60353469848633,39,38,1.0263157624653747,1.0
512.972395464778,90.60538864135742,33,32,1.0312499677734386,1.0
692.2066700160503,105.23959732055664,38,38,0.9999999736842113,1.0
608.4901158902794,98.67097473144531,36,35,1.0285713991836745,1.0
705.5674156099558,106.25045585632324,38,38,0.9999999736842113,1.0
499.548417981714,89.40280151367188,32,33,0.969696940312214,1.0
364.6856721378863,76.44662666320801,23,24,0.9583332934027794,1.0
621.1423842348158,99.69629287719727,34,35,0.9714285436734702,1.0
566.428298605606,95.19931602478027,35,34,1.0294117344290667,1.0
614.7888985369354,99.18066787719727,36,35,1.0285713991836745,1.0
455.68691354617476,85.38756370544434,31,31,0.9999999677419364,1.0
412.0065087787807,81.19202423095703,30,30,0.9999999666666678,1.0
764.2806038986892,110.58317375183105,40,39,1.0256409993425386,1.0
656.727993182838,102.50723648071289,36,36,0.999999972222223,1.0
567.6675093080848,95.30378913879395,35,35,0.9999999714285723,1.0
630.0844980720431,100.40817642211914,36,36,0.999999972222223,1.0
711.3795004738495,106.68708992004395,39,38,1.0263157624653747,1.0
738.0804705172777,108.6708869934082,39,40,0.9749999756250006,1.0
617.7959190830588,99.4228630065918,36,35,1.0285713991836745,1.0
450.5872016698122,84.90838241577148,31,31,0.9999999677419364,1.0
385.06620561145246,78.4926528930664,29,28,1.035714248724491,1.0
449.45402755588293,84.80149841308594,31,31,0.9999999677419364,1.0
520.7894073948264,91.3919448852539,33,33,0.9999999696969707,1.0
617.7916831076145,99.6110610961914,36,36,0.999999972222223,1.0
503.4765081703663,89.75336837768555,32,32,0.9999999687500011,1.0
509.2397512830794,90.26634216308594,31,31,0.9999999677419364,1.0
683.6102377027273,104.58409881591797,38,38,0.9999999736842113,1.0
527.1293794345111,91.83748626708984,34,33,1.0303029990817274,1.0
605.5992005039006,98.44230651855469,34,34,0.9999999705882362,1.0
687.8592063635588,105.02991676330566,35,33,1.060606028466484,1.0
474.18673492595553,87.10360717773438,32,32,0.9999999687500011,1.0
549.5983915198594,93.77490997314453,34,34,0.9999999705882362,1.0
544.3790516629815,93.3279972076416,34,33,1.0303029990817274,1.0
581.2597279381007,96.45479583740234,34,34,0.9999999705882362,1.0
509.35980213433504,90.27630996704102,32,32,0.9999999687500011,1.0
668.1615742705762,103.39622116088867,38,37,1.0270269992695407,1.0
558.2626102585346,94.51144218444824,35,34,1.0294117344290667,1.0
653.0957673490047,102.3007583618164,37,37,0.9999999729729737,1.0
469.1038484200835,86.66676902770996,31,31,0.9999999677419364,1.0
479.20633125305176,88.06436538696289,32,32,0.9999999687500011,1.0
870.3081108629704,119.17605590820312,41,36,1.1388888572530873,1.0
725.0619445871562,107.7105655670166,36,36,0.999999972222223,1.0
561.253578428179,94.76333045959473,32,32,0.9999999687500011,1.0
649.7319121174514,101.95969200134277,37,37,0.9999999729729737,1.0
618.7755978740752,99.50181198120117,36,36,0.999999972222223,1.0
454.29896868765354,85.2574577331543,31,31,0.9999999677419364,1.0
392.1889857891947,79.21527671813965,29,29,0.9999999655172426,1.0
630.0959730707109,100.4099235534668,37,36,1.027777749228396,1.0
733.7720219939947,108.35326385498047,40,39,1.0256409993425386,1.0
678.6581080183387,104.20559310913086,38,37,1.0270269992695407,1.0
458.51669106818736,85.79672813415527,31,31,0.9999999677419364,1.0
555.2147343754768,94.71531867980957,32,29,1.1034482378121298,1.0
967.4424568712711,124.41971206665039,42,42,0.9999999761904769,1.0
709.9202398136258,107.9954833984375,24,33,0.7272727052341605,1.0
548.4555358104408,93.67676162719727,33,33,0.9999999696969707,1.0
625.9175226911902,100.07854080200195,34,34,0.9999999705882362,1.0
561.2410892713815,94.76239776611328,34,35,0.9714285436734702,1.0
644.7893183417618,101.58967208862305,36,35,1.0285713991836745,1.0
603.3716562502086,98.25508308410645,36,36,0.999999972222223,1.0
464.73890322446823,86.23147773742676,31,31,0.9999999677419364,1.0
398.50752689503133,79.8508415222168,29,29,0.9999999655172426,1.0
530.6910387398675,92.1475887298584,33,33,0.9999999696969707,1.0
405.7003458617255,80.64226722717285,28,28,0.9999999642857155,1.0
216.09515511989594,59.4720458984375,18,13,1.384615278106517,1.0
677.067933563143,104.08871459960938,34,34,0.9999999705882362,1.0
540.5884619336575,93.00911140441895,32,32,0.9999999687500011,1.0
702.2401526123285,105.99957275390625,38,39,0.9743589493754116,1.0
538.9751364178956,92.86690902709961,32,32,0.9999999687500011,1.0
723.5924024451524,107.59968948364258,39,39,0.999999974358975,1.0
421.6271431520581,82.13558197021484,31,30,1.03333329888889,1.0
567.1734920404851,95.26279640197754,34,33,1.0303029990817274,1.0
626.4543756470084,100.1167049407959,36,37,0.9729729466764069,1.0
565.472998637706,95.13483619689941,30,31,0.9677419042663902,1.0
580.9879046212882,96.4156608581543,34,34,0.9999999705882362,1.0
1502.738975379616,155.13990020751953,54,55,0.9818181639669425,2.0
1629.9142813831568,161.61458587646484,52,54,0.9629629451303159,2.0
1090.7686296878383,132.11029434204102,47,48,0.9791666462673616,2.0
1613.2322510629892,161.05594635009766,58,57,1.0175438417974765,2.0
1306.145922716707,144.59583282470703,52,51,1.0196078231449448,2.0
1346.2179092438892,146.91931915283203,48,46,1.0434782381852556,2.0
1769.5407256195322,168.2770233154297,55,56,0.9821428396045921,2.0
911.9117487445474,120.79258346557617,42,42,0.9999999761904769,2.0
1200.489449635148,139.19821548461914,43,38,1.1315789175900286,2.0
1271.0152923110873,142.68400192260742,47,45,1.0444444212345685,2.0
1247.1105929799378,141.27040100097656,47,46,1.021739108223063,2.0
1374.5411806553602,148.4956512451172,50,51,0.9803921376393699,2.0
1303.0632073245943,144.39210510253906,51,52,0.9807692119082845,2.0
1118.3426331207156,133.8512725830078,48,48,0.9999999791666672,2.0
1125.741030773148,134.52162551879883,47,46,1.021739108223063,2.0
1291.634989272803,143.79727172851562,47,46,1.021739108223063,2.0
1742.4985954705626,167.11071014404297,45,48,0.9374999804687505,2.0
1542.7886456912383,157.12576293945312,55,56,0.9821428396045921,2.0
1508.900165580213,155.42057037353516,55,55,0.9999999818181822,2.0
1387.4113363083452,148.9983253479004,44,45,0.9777777560493832,2.0
1749.5029760766774,167.75534439086914,50,54,0.9259259087791499,2.0
1141.932426314801,135.2462272644043,49,49,0.9999999795918372,2.0
1529.4042396470904,156.4932403564453,45,47,0.9574467881394301,2.0
1598.6280298866332,160.04747772216797,50,52,0.9615384430473377,2.0
1310.7853483892977,144.82876586914062,52,53,0.9811320569597726,2.0
1527.9539207220078,156.3970947265625,53,54,0.9814814633058989,2.0
1503.1742297708988,155.3557891845703,55,56,0.9821428396045921,2.0
1179.899995483458,137.41842651367188,50,50,0.9999999800000005,2.0
1095.8524694340304,132.4228515625,47,48,0.9791666462673616,2.0
1283.206735694781,143.2878303527832,43,43,0.9999999767441866,2.0
1414.9342758553103,150.5216064453125,48,50,0.9599999808000005,2.0
1441.8403458585963,152.05499267578125,52,54,0.9629629451303159,2.0
1227.9162084572017,140.66732788085938,45,39,1.153846124260356,2.0
1614.143919032067,160.7685089111328,47,49,0.9591836538942112,2.0
1660.6109933108091,163.05238342285156,53,55,0.9636363461157028,2.0
1421.7608870267868,150.84280395507812,54,54,0.9999999814814818,2.0
1377.5341375069693,148.4619903564453,47,47,0.9999999787234047,2.0
1232.271652881056,140.4741439819336,48,47,1.0212765740153922,2.0
1500.1894924156368,154.93285369873047,53,53,0.9999999811320759,2.0
2311.15263004601,193.6646270751953,47,59,0.7966101559896585,2.0
1098.7015309575945,132.59618759155273,47,48,0.9791666462673616,2.0
1597.8490549270064,159.90692138671875,41,41,0.9999999756097567,2.0
1163.3002589847893,136.47145462036133,49,49,0.9999999795918372,2.0
1308.649958469905,144.95860290527344,49,46,1.0652173681474486,2.0
1574.1003133850172,158.9779396057129,56,54,1.0370370178326478,2.0
945.6506954953074,123.00653076171875,45,44,1.0227272494834716,2.0
1253.0289665460587,141.90764617919922,44,39,1.1282050992767925,2.0
1117.152906153351,133.70661163330078,44,43,1.0232557901568422,2.0
1239.7028399584815,140.8489532470703,44,45,0.9777777560493832,2.0
1423.9301872700453,150.98981475830078,48,47,1.0212765740153922,2.0
1530.3668806701899,156.5722198486328,55,56,0.9821428396045921,2.0
1869.008608465083,173.03034210205078,52,49,1.0612244681382763,2.0
1553.3937381207943,157.69452285766602,56,56,0.9999999821428575,2.0
1236.5334520787,140.7406463623047,48,49,0.9795918167430242,2.0
1265.5574219562113,142.4032211303711,45,44,1.0227272494834716,2.0
1143.9456845596433,135.3651580810547,44,45,0.9777777560493832,2.0
1707.5280374847353,165.2944793701172,58,59,0.9830508307957486,2.0
1465.483014573343,153.12860870361328,53,53,0.9999999811320759,2.0
1521.4263381659985,156.02240753173828,56,55,1.0181817996694218,2.0
1525.2760897353292,156.31676483154297,56,56,0.9999999821428575,2.0
1035.409208224155,128.73621368408203,46,46,0.9999999782608701,2.0
1237.3337311912328,140.70455169677734,47,47,0.9999999787234047,2.0
1105.079660076648,133.4039134979248,43,38,1.1315789175900286,2.0
1486.664256118238,154.26385116577148,44,43,1.0232557901568422,2.0
1462.9585588239133,153.84607696533203,40,47,0.8510638116794934,2.0
1198.5836026985198,138.5899772644043,50,50,0.9999999800000005,2.0
1222.2202322827652,139.8515968322754,46,46,0.9999999782608701,2.0
1405.9898862326518,150.01369094848633,48,46,1.0434782381852556,2.0
1197.842241620645,138.4611930847168,47,48,0.9791666462673616,2.0
1245.5726719070226,141.31377792358398,43,45,0.9555555343209882,2.0
1369.2233486082405,148.11602020263672,48,46,1.0434782381852556,2.0
1657.9718008544296,162.89638900756836,49,50,0.9799999804000005,2.0
1368.0697700893506,148.0455780029297,50,51,0.9803921376393699,2.0
1564.8782449364662,158.33076095581055,51,49,1.0408163052894632,2.0
1555.240675933659,157.89734268188477,55,56,0.9821428396045921,2.0
1780.2691022269428,168.7972412109375,48,49,0.9795918167430242,2.0
1725.1237301938236,166.42044830322266,56,58,0.9655172247324617,2.0
1540.0338709279895,157.37102127075195,53,50,1.0599999788000005,2.0
1674.5330858901143,163.70523071289062,55,55,0.9999999818181822,2.0
802.8008722476661,113.43484497070312,40,39,1.0256409993425386,2.0
1382.770593252033,148.90895080566406,45,42,1.0714285459183681,2.0
990.3312767995521,125.8906364440918,43,43,0.9999999767441866,2.0
960.4962863493711,123.97321891784668,44,43,1.0232557901568422,2.0
995.1646221326664,126.35463905334473,45,44,1.0227272494834716,2.0
1121.6310139596462,134.00784301757812,47,46,1.021739108223063,2.0
1257.312653819099,141.8358154296875,49,49,0.9999999795918372,2.0
1217.3722691833973,139.88376235961914,44,40,1.0999999725000007,2.0
1600.4482124317437,160.24746704101562,48,45,1.0666666429629637,2.0
1614.8295545950532,160.75079345703125,56,56,0.9999999821428575,2.0
2189.222468033433,189.37986755371094,49,60,0.8166666530555559,2.0
1088.9223414380103,132.06228828430176,47,46,1.021739108223063,2.0
1444.2690603444353,152.0148162841797,52,53,0.9811320569597726,2.0
1604.6040392573923,160.24799346923828,56,57,0.9824561231148049,2.0
1535.6772362664342,156.76457595825195,55,55,0.9999999818181822,2.0
1540.5411704694852,157.09575271606445,53,51,1.039215665897732,2.0
1628.8034024834633,161.43759155273438,52,51,1.0196078231449448,2.0
1415.4708574870601,150.4909782409668,50,51,0.9803921376393699,2.0
1570.665246100165,158.55917739868164,51,50,1.0199999796000006,2.0
1476.5996298147365,153.7062225341797,52,52,0.9999999807692311,2.0
1518.5613195300102,155.94351196289062,54,54,0.9999999814814818,2.0
2191.3487044349313,190.14739990234375,48,61,0.7868852330018815,2.0
1123.0818045511842,134.10469818115234,48,47,1.0212765740153922,2.0
1694.767873163335,164.80142211914062,53,50,1.0599999788000005,2.0
1607.1386430459097,160.44529724121094,57,57,0.9999999824561407,2.0
1918.8395336866379,175.31983947753906,48,50,0.9599999808000005,2.0
1716.8485460951924,166.10902404785156,56,58,0.9655172247324617,2.0
1471.4350035823882,153.4404182434082,44,44,0.9999999772727278,2.0
1691.4422579500824,164.51626586914062,53,54,0.9814814633058989,2.0
1249.1915013603866,141.39763641357422,51,51,0.9999999803921573,2.0
1110.1445711608976,133.27606201171875,43,43,0.9999999767441866,2.0
1317.9513496700674,145.22361755371094,46,45,1.0222221995061733,2.0
1520.2281585410237,156.08587646484375,55,53,1.0377358294766825,2.0
2112.1127138845623,187.5484504699707,46,62,0.7419354719042666,2.0
1130.9777863174677,134.54497528076172,48,47,1.0212765740153922,2.0
1455.0639545023441,152.6818733215332,45,47,0.9574467881394301,2.0
1584.1795857734978,159.26622772216797,49,51,0.9607842948865825,2.0
1374.3170395568013,148.2954216003418,53,53,0.9999999811320759,2.0
1279.738720833324,143.09572982788086,48,49,0.9795918167430242,2.0
1152.3819608986378,135.84027099609375,43,42,1.0238094994331073,2.0
1589.9431961225346,159.50866317749023,49,49,0.9999999795918372,2.0
1511.6547087281942,155.68870544433594,55,55,0.9999999818181822,2.0
1900.7869196143001,174.46929931640625,48,51,0.9411764521337951,2.0
1573.631307888776,158.6940689086914,56,56,0.9999999821428575,2.0
1196.6155293881893,138.3757095336914,44,45,0.9777777560493832,2.0
1267.6553286984563,142.4302520751953,45,44,1.0227272494834716,2.0
1412.561682060361,150.34677124023438,54,54,0.9999999814814818,2.0
1670.5848579779267,163.57403564453125,57,56,1.0178571246811228,2.0
2209.4683987274766,190.55005645751953,48,61,0.7868852330018815,2.0
1055.844431862235,130.0574836730957,47,45,1.0444444212345685,2.0
1488.0062142629176,154.3047637939453,49,49,0.9999999795918372,2.0
1207.2346928566694,138.99843978881836,47,47,0.9999999787234047,2.0
1581.9848408848047,159.11238861083984,52,51,1.0196078231449448,2.0
1355.5281158881262,147.2713508605957,50,50,0.9999999800000005,2.0
1356.6985686719418,147.75607299804688,48,43,1.1162790438074641,2.0
1742.4650104669854,166.99915313720703,57,56,1.0178571246811228,2.0
899.442615184933,120.00929641723633,42,41,1.0243902189173117,2.0
1206.2847795635462,139.20568466186523,42,39,1.0769230493096655,2.0
0.9158995449542999,3.8394775390625,2,1,1.9999980000020001,2.0
1643.4940875396132,162.26280975341797,52,50,1.0399999792000005,2.0
1596.9575095865875,159.93865966796875,57,57,0.9999999824561407,2.0
1948.5882587134838,176.57209014892578,52,52,0.9999999807692311,2.0
1585.5011695008725,159.60598373413086,54,57,0.9473684044321333,2.0
1202.4622559770942,138.70714569091797,48,48,0.9999999791666672,2.0
1111.5749058369547,133.4720001220703,48,47,1.0212765740153922,2.0
1057.1563338451087,130.3573818206787,41,38,1.0789473400277017,2.0
1307.0969576733187,144.62268829345703,50,51,0.9803921376393699,2.0
1215.3956983322278,139.51641082763672,49,49,0.9999999795918372,2.0
1164.62468744535,136.50642776489258,39,39,0.999999974358975,2.0
1141.0731803141534,135.28203964233398,48,48,0.9999999791666672,2.0
1428.3451537191868,151.2019920349121,53,52,1.019230749630178,2.0
1286.1597046405077,143.97119903564453,48,45,1.0666666429629637,2.0
1219.3417029017583,139.68203735351562,48,47,1.0212765740153922,2.0
1092.4647849053144,132.66583633422852,44,39,1.1282050992767925,2.0
1587.3704107869416,159.45492553710938,52,50,1.0399999792000005,2.0
1478.7629394605756,153.82349395751953,52,52,0.9999999807692311,2.0
1509.837840743363,155.51962280273438,54,53,1.0188679053043792,2.0
2310.532600477338,193.88147735595703,48,59,0.8135593082447575,2.0
1171.842955391854,136.94100189208984,49,50,0.9799999804000005,2.0
1943.196817357093,176.51631927490234,45,49,0.9183673281965852,2.0
1157.0120816268027,136.06185913085938,49,49,0.9999999795918372,2.0
1490.0686336504295,154.42791748046875,55,55,0.9999999818181822,2.0
1465.909890331328,153.1494140625,50,49,1.0204081424406501,2.0
1735.9975089570507,166.68595504760742,48,49,0.9795918167430242,2.0
1514.0782251171768,155.70618057250977,50,51,0.9803921376393699,2.0
1405.4109419621527,149.99694061279297,53,53,0.9999999811320759,2.0
1284.627349505201,143.38195037841797,50,49,1.0204081424406501,2.0
1418.7289836946875,150.66612243652344,47,48,0.9791666462673616,2.0
1175.4700224399567,137.3764877319336,47,45,1.0444444212345685,2.0
1227.8542712470517,140.2228889465332,50,49,1.0204081424406501,2.0
1666.9050644673407,163.41983032226562,56,58,0.9655172247324617,2.0
1619.6011157948524,161.12203979492188,57,57,0.9999999824561407,2.0
1734.5767971929163,166.65413665771484,51,52,0.9807692119082845,2.0
1404.9612379036844,150.02751922607422,52,51,1.0196078231449448,2.0
1721.5453502051532,166.0551986694336,59,60,0.9833333169444448,2.0
1714.8898933697492,165.7308120727539,56,57,0.9824561231148049,2.0
1689.5189750343561,164.79295349121094,58,55,1.0545454353719013,2.0
1393.423820566386,149.55244827270508,54,53,1.0188679053043792,2.0
1486.1374918036163,154.2552032470703,44,46,0.9565217183364845,2.0
1755.2612728588283,167.71551513671875,53,55,0.9636363461157028,2.0
1248.2280467227101,141.38675689697266,51,51,0.9999999803921573,2.0
1803.4525716602802,170.04253387451172,44,47,0.9361701928474427,2.0
1189.9437650367618,137.98716735839844,49,50,0.9799999804000005,2.0
1312.3873743265867,144.90833282470703,52,51,1.0196078231449448,2.0
1381.3651570007205,148.82450103759766,53,54,0.9814814633058989,2.0
2020.2058992898092,179.8011131286621,51,52,0.9807692119082845,2.0
1371.9533289363608,148.17513275146484,48,47,1.0212765740153922,2.0
1706.0891166627407,165.36251831054688,59,59,0.9999999830508478,2.0
1664.8364769369364,163.23201751708984,57,58,0.9827586037455414,2.0
1568.6092730853707,158.4496726989746,54,55,0.9818181639669425,2.0
1586.326260510832,159.317138671875,56,56,0.9999999821428575,2.0
1587.106424510479,159.4848861694336,49,46,1.0652173681474486,2.0
1208.584574483335,139.22635650634766,50,49,1.0204081424406501,2.0
2009.8886058293283,180.89545440673828,43,54,0.7962962815500689,2.0
1098.069091271609,132.66644477844238,47,46,1.021739108223063,2.0
1148.8318470735103,135.5926055908203,43,43,0.9999999767441866,2.0
1383.787757333368,148.83719635009766,48,47,1.0212765740153922,2.0
1538.0158571470529,156.99081420898438,54,55,0.9818181639669425,2.0
1607.7976244539022,160.43714141845703,57,57,0.9999999824561407,2.0
1618.963691810146,160.95319366455078,55,55,0.9999999818181822,2.0
1419.9375126585364,150.86654663085938,54,53,1.0188679053043792,2.0
1441.62458980456,152.1231689453125,52,54,0.9629629451303159,2.0
1544.8845695778728,157.22669982910156,55,55,0.9999999818181822,2.0
1528.5898182168603,156.45177459716797,46,45,1.0222221995061733,2.0
1301.6730989031494,144.71351623535156,48,45,1.0666666429629637,2.0
1799.6346297431737,169.691650390625,55,55,0.9999999818181822,2.0
812.0727988891304,114.07922554016113,39,38,1.0263157624653747,2.0
1134.3199947923422,135.4361915588379,44,37,1.1891891570489417,2.0
988.5243259258568,125.77151107788086,43,43,0.9999999767441866,2.0
1237.5433450117707,141.05238342285156,46,43,1.0697674169821532,2.0
1444.8742693718523,152.0467300415039,47,47,0.9999999787234047,2.0
1859.4603433394805,172.4876480102539,55,56,0.9821428396045921,2.0
798.3588330093771,113.26459884643555,41,40,1.0249999743750007,2.0
1061.1752504631877,130.71159744262695,42,37,1.135135104455808,2.0
3148.1203766539693,224.43289184570312,78,78,0.9999999871794873,2.0
1063.9886894263327,130.47583770751953,47,46,1.021739108223063,2.0
1421.3868744047359,150.81051635742188,48,48,0.9999999791666672,2.0
1353.1855728290975,147.18341064453125,49,49,0.9999999795918372,2.0
1575.9973639547825,158.94151306152344,55,54,1.0185184996570649,2.0
2245.899639572948,191.68660354614258,48,60,0.7999999866666669,2.0
1145.232057634741,135.38287353515625,49,48,1.0208333120659727,2.0
1764.8473346494138,168.26837158203125,40,45,0.888888869135803,2.0
1221.7335990928113,139.82775497436523,50,50,0.9999999800000005,2.0
953.7750201672316,123.6669864654541,44,43,1.0232557901568422,2.0
2202.710871029645,188.92364883422852,48,58,0.8275861926278243,2.0
1553.9040047079325,157.71546936035156,55,54,1.0185184996570649,2.0
2190.9330089092255,189.53992462158203,47,61,0.7704917906476756,2.0
1094.020332455635,132.3647003173828,46,46,0.9999999782608701,2.0
1437.2090764790773,151.66633987426758,54,54,0.9999999814814818,2.0
1715.6618013381958,165.69361877441406,48,48,0.9999999791666672,2.0
1399.0921646505594,149.86740112304688,50,47,1.0638297645993668,2.0
1470.7882068045437,153.45574188232422,47,49,0.9591836538942112,2.0
1782.507811316289,168.9527587890625,50,53,0.9433962086151659,2.0
1415.8713692389429,150.64078903198242,50,51,0.9803921376393699,2.0
1629.50395137351,161.46850204467773,50,50,0.9999999800000005,2.0
1200.7270644046366,138.64496612548828,47,46,1.021739108223063,2.0
1445.565260144882,152.08326721191406,53,52,1.019230749630178,2.0
1659.7185073308647,163.0406265258789,58,59,0.9830508307957486,2.0
1528.4360189605504,156.54293060302734,53,50,1.0599999788000005,2.0
1427.5283444076777,151.21279907226562,54,54,0.9999999814814818,2.0
1436.7122473288327,151.62473678588867,45,45,0.9999999777777784,2.0
1344.5535838119686,146.71140670776367,53,52,1.019230749630178,2.0
1624.1988777443767,161.89356231689453,43,50,0.8599999828000003,2.0
1426.0210272939876,151.11207580566406,47,48,0.9791666462673616,2.0
1107.6994989272207,133.19467544555664,44,46,0.9565217183364845,2.0
1587.9550988450646,159.6172981262207,56,55,1.0181817996694218,2.0
1279.951899036765,143.2715606689453,51,50,1.0199999796000006,2.0
894.5922170747072,119.65402793884277,41,40,1.0249999743750007,2.0
1144.269535817206,135.6271800994873,49,47,1.0425531693073795,2.0
1410.297217133455,150.219482421875,52,52,0.9999999807692311,2.0
1689.6443606428802,164.56805419921875,59,59,0.9999999830508478,2.0
1412.9032156094909,150.54045867919922,51,50,1.0199999796000006,2.0
1457.2576563507318,152.71649169921875,55,54,1.0185184996570649,2.0
1237.3520626593381,140.71208953857422,43,42,1.0238094994331073,2.0
1556.7085566362366,157.82078552246094,46,46,0.9999999782608701,2.0
1738.9740306586027,166.8311004638672,43,46,0.9347825883742916,2.0
1242.457379680127,140.99942016601562,50,50,0.9999999800000005,2.0
1466.6418191995472,153.1888656616211,45,45,0.9999999777777784,2.0
1603.9865955542773,160.20906829833984,52,52,0.9999999807692311,2.0
1282.061926368624,143.22877502441406,51,50,1.0199999796000006,2.0
1632.1259774640203,161.88455963134766,55,57,0.9649122637734691,2.0
1315.561449766159,145.22629165649414,52,53,0.9811320569597726,2.0
1071.1840753108263,131.01995849609375,47,47,0.9999999787234047,2.0
1556.547995697707,157.83663940429688,47,46,1.021739108223063,2.0
1693.340061640367,164.62306594848633,52,53,0.9811320569597726,2.0
1291.2429001238197,143.77666091918945,52,52,0.9999999807692311,2.0
1499.097510304302,155.09646606445312,54,53,1.0188679053043792,2.0
2150.663140065968,187.6178741455078,49,60,0.8166666530555559,2.0
1096.937838345766,132.72554397583008,47,46,1.021739108223063,2.0
1308.8507934845984,144.77054595947266,49,51,0.9607842948865825,2.0
1575.0801842175424,158.9630355834961,56,57,0.9824561231148049,2.0
1269.3925258144736,142.85608673095703,51,50,1.0199999796000006,2.0
1193.563408358954,138.20297241210938,48,49,0.9795918167430242,2.0
1106.8627513162792,133.36931228637695,47,48,0.9791666462673616,2.0
1772.3759938981384,168.40359497070312,47,47,0.9999999787234047,2.0
1311.874638424255,144.88093185424805,50,51,0.9803921376393699,2.0
1402.5165383554995,150.18288040161133,54,54,0.9999999814814818,2.0
1379.5310311317444,148.76037979125977,51,52,0.9807692119082845,2.0
1157.3485274761915,136.57822799682617,44,41,1.0731707055324218,2.0
1589.2787389867008,159.4639434814453,46,47,0.9787233834314174,2.0
1770.4177069962025,168.41490936279297,54,55,0.9818181639669425,2.0
1310.4058444462717,144.79817962646484,52,52,0.9999999807692311,2.0
1531.218728993088,156.64290618896484,48,45,1.0666666429629637,2.0
1314.6006081402302,145.11572265625,52,53,0.9811320569597726,2.0
1535.0176658313721,156.92786407470703,49,51,0.9607842948865825,2.0
1224.4242625571787,139.9673080444336,47,47,0.9999999787234047,2.0
1064.4240096062422,130.86533737182617,44,41,1.0731707055324218,2.0
1243.64312833827,141.07261276245117,48,48,0.9999999791666672,2.0
1128.7472199201584,134.67304229736328,44,41,1.0731707055324218,2.0
1518.135192623362,155.85416412353516,46,45,1.0222221995061733,2.0
1187.8030698206276,138.19894409179688,50,50,0.9999999800000005,2.0
1074.5984881147742,131.89304542541504,37,41,0.9024390023795366,2.0
1679.135363418609,164.07403182983398,57,58,0.9827586037455414,2.0
1756.2951784003526,167.66681671142578,47,48,0.9791666462673616,2.0
1412.9277754537761,150.4170265197754,47,45,1.0444444212345685,2.0
1608.3590749204159,160.46297454833984,53,54,0.9814814633058989,2.0
1585.7453820016235,159.39010620117188,56,55,1.0181817996694218,2.0
1095.8061086535454,132.58838081359863,48,46,1.0434782381852556,2.0
1204.6280650496483,139.09086990356445,41,37,1.1081080781592412,2.0
931.8639462962747,122.16704177856445,43,42,1.0238094994331073,2.0
1468.8019673712552,153.34841918945312,54,55,0.9818181639669425,2.0
1334.7846489818767,146.20425033569336,50,51,0.9803921376393699,2.0
1302.6214399449527,144.39187240600586,52,51,1.0196078231449448,2.0
1364.9379637846723,147.79591751098633,54,54,0.9999999814814818,2.0
1098.0568175278604,132.5716667175293,46,47,0.9787233834314174,2.0
1742.8981205355376,166.99215698242188,45,45,0.9999999777777784,2.0
1215.54533964023,139.4769630432129,50,50,0.9999999800000005,2.0
1138.8568535391241,135.03314208984375,43,42,1.0238094994331073,2.0
1249.7665783818811,141.46372985839844,45,44,1.0227272494834716,2.0
1598.0661619342864,159.90369415283203,55,56,0.9821428396045921,2.0
2340.071888975799,194.880859375,50,60,0.8333333194444447,2.0
1108.3320835456252,133.17229843139648,48,47,1.0212765740153922,2.0
1270.3657800592482,142.65151977539062,50,50,0.9999999800000005,2.0
1515.2711913958192,155.7149658203125,54,54,0.9999999814814818,2.0
1328.8109873719513,145.81248474121094,51,51,0.9999999803921573,2.0
1865.622740790248,173.1590576171875,41,47,0.8723404069714807,2.0
1274.2986497376114,142.81416702270508,51,51,0.9999999803921573,2.0
1608.8616586420685,160.5034294128418,49,48,1.0208333120659727,2.0
1284.8177137542516,143.4831886291504,51,50,1.0199999796000006,2.0
1458.1730814278126,153.52845001220703,44,49,0.8979591653477722,2.0
1580.635421153158,159.05926513671875,56,57,0.9824561231148049,2.0
1445.6967227198184,152.0909423828125,53,53,0.9999999811320759,2.0
1357.380166657269,147.37472534179688,52,52,0.9999999807692311,2.0
1313.105982106179,145.2081756591797,51,50,1.0199999796000006,2.0
1653.4421630138531,162.65789794921875,52,52,0.9999999807692311,2.0
1753.541110701859,167.6180191040039,59,59,0.9999999830508478,2.0
1948.5963904857635,176.58548736572266,49,50,0.9799999804000005,2.0
1593.280881203711,159.6923828125,55,56,0.9821428396045921,2.0
1476.835080863908,153.7201042175293,46,46,0.9999999782608701,2.0
1510.4669908005744,155.85248565673828,48,52,0.9230769053254442,2.0
1259.5995653606951,142.24440002441406,52,51,1.0196078231449448,2.0
1313.9347097836435,145.01463317871094,48,48,0.9999999791666672,2.0
1743.2387951100245,167.2306022644043,49,52,0.9423076741863909,2.0
1567.656162088737,158.67066192626953,55,56,0.9821428396045921,2.0
1827.1710843332112,171.13315200805664,61,61,0.9999999836065577,2.0
1214.8198577724397,139.59766387939453,45,47,0.9574467881394301,2.0
1185.8033421561122,137.9433822631836,42,40,1.0499999737500008,2.0
1448.7844367586076,152.25605010986328,54,54,0.9999999814814818,2.0
1468.8879435602576,153.35905838012695,53,53,0.9999999811320759,2.0
2174.7984912097454,188.13429260253906,49,60,0.8166666530555559,2.0
1069.9902512785047,131.09785842895508,47,46,1.021739108223063,2.0
1753.5725556313992,167.6162338256836,44,47,0.9361701928474427,2.0
1181.0156845543534,137.4748992919922,49,50,0.9799999804000005,2.0
1333.023720299825,146.044921875,52,52,0.9999999807692311,2.0
1696.3260085247457,164.77056503295898,58,58,0.999999982758621,2.0
1595.3624819573015,159.78992462158203,50,49,1.0204081424406501,2.0
1939.6459669200704,176.22894287109375,50,52,0.9615384430473377,2.0
1603.5957074165344,160.45560455322266,48,52,0.9230769053254442,2.0
1571.7978172637522,158.5836944580078,47,46,1.021739108223063,2.0
1721.913334472105,166.02188110351562,53,54,0.9814814633058989,2.0
1408.8979289792478,150.1834716796875,54,54,0.9999999814814818,2.0
1476.456353219226,153.71121215820312,53,53,0.9999999811320759,2.0
1794.4972921134904,169.4625473022461,51,52,0.9807692119082845,2.0
1759.0514488965273,167.83302307128906,59,60,0.9833333169444448,2.0
1683.5969215221703,164.26456451416016,59,59,0.9999999830508478,2.0
1390.2490194886923,149.17020416259766,50,52,0.9615384430473377,2.0
1117.6637991890311,133.80541229248047,42,41,1.0243902189173117,2.0
1622.614054732956,161.1396369934082,50,50,0.9999999800000005,2.0
1218.4453073274344,139.74829864501953,48,47,1.0212765740153922,2.0
1650.1641408931464,162.49434661865234,48,48,0.9999999791666672,2.0
1849.9335622936487,172.17003631591797,55,57,0.9649122637734691,2.0
1258.8746819756925,141.96123886108398,51,52,0.9807692119082845,2.0
1544.3454069122672,157.2043800354004,48,48,0.9999999791666672,2.0
1178.845153604634,137.40221786499023,48,46,1.0434782381852556,2.0
1704.0827486682683,165.1333236694336,53,52,1.019230749630178,2.0
1400.0073284124956,149.7378273010254,50,51,0.9803921376393699,2.0
1697.0887320991606,164.78301239013672,52,52,0.9999999807692311,2.0
1482.7427533427253,154.0953598022461,51,50,1.0199999796000006,2.0
1283.410735248588,144.0166015625,49,44,1.113636338326447,2.0
1630.2954301424325,161.53771209716797,55,54,1.0185184996570649,2.0
922.0674507692456,121.46491432189941,44,44,0.9999999772727278,2.0
1237.7430585287511,140.93999481201172,42,38,1.105263128808865,2.0
1247.679480548948,141.43995666503906,42,39,1.0769230493096655,2.0
1059.344472464174,130.21891593933105,46,46,0.9999999782608701,2.0
1.2987985610961914,4.55859375,2,2,0.99999950000025,2.0
1528.9257997982204,156.41075897216797,55,55,0.9999999818181822,2.0
2198.1153170615435,189.47109985351562,47,60,0.783333320277778,2.0
1130.355888972059,134.48898696899414,48,48,0.9999999791666672,2.0
1197.6891662813723,138.43071746826172,48,48,0.9999999791666672,2.0
1169.1714881919324,136.82395553588867,42,40,1.0499999737500008,2.0
1072.9389332421124,131.13823127746582,46,45,1.0222221995061733,2.0
2393.41522821784,196.69304656982422,54,63,0.8571428435374152,2.0
1434.93258972466,151.55279922485352,52,51,1.0196078231449448,2.0
1125.3419914655387,134.75086975097656,48,45,1.0666666429629637,2.0
1753.0316213723272,167.8741912841797,42,47,0.8936170022634681,2.0
1192.3202985785902,138.12187957763672,49,50,0.9799999804000005,2.0
1463.2746139001101,153.2769317626953,54,53,1.0188679053043792,2.0
1237.56750815548,140.82044219970703,50,49,1.0204081424406501,2.0
1158.507084917277,136.2516098022461,43,41,1.0487804622248669,2.0
833.3090813793242,115.51529502868652,40,40,0.9999999750000007,2.0
1170.3122439719737,136.87097930908203,41,41,0.9999999756097567,2.0
1620.5685083717108,161.06685256958008,45,43,1.0465116035694977,2.0
1161.5641015414149,136.33897018432617,40,39,1.0256409993425386,2.0
1069.4617350474,130.8301010131836,47,46,1.021739108223063,2.0
1691.5003444589674,164.51404571533203,58,58,0.999999982758621,2.0
1788.641589702107,169.186767578125,47,48,0.9791666462673616,2.0
1453.4675278402865,153.01985931396484,52,48,1.0833333107638894,2.0
1745.7572057247162,167.30056762695312,57,58,0.9827586037455414,2.0
1471.0671305432916,153.43518447875977,53,54,0.9814814633058989,2.0
1595.2109100967646,159.78758239746094,57,57,0.9999999824561407,2.0
1366.3171958066523,147.9031219482422,52,52,0.9999999807692311,2.0
1409.0860276967287,150.50019454956055,53,51,1.039215665897732,2.0
1673.7615312039852,163.74381256103516,57,56,1.0178571246811228,2.0
2243.552407041192,192.3004913330078,49,62,0.7903225678980231,2.0
1142.2932845503092,135.22912216186523,48,47,1.0212765740153922,2.0
1233.696530318819,140.49777603149414,46,45,1.0222221995061733,2.0
833.5953933298588,115.5207405090332,41,41,0.9999999756097567,2.0
1303.0253562554717,144.43063354492188,51,51,0.9999999803921573,2.0
1472.6647124346346,153.57453155517578,54,55,0.9818181639669425,2.0
1355.8336662780493,147.30986404418945,52,52,0.9999999807692311,2.0
843.0333077535033,116.14400291442871,42,42,0.9999999761904769,2.0
1571.6179976146668,159.5624885559082,58,56,1.0357142672193882,2.0
1870.1363492757082,173.0211181640625,43,45,0.9555555343209882,2.0
1308.6158293802291,144.71356201171875,52,51,1.0196078231449448,2.0
1272.482499790378,142.82316207885742,51,52,0.9807692119082845,2.0
1670.0994880637154,163.6100311279297,48,51,0.9411764521337951,2.0
1636.5519997123629,161.94661712646484,58,58,0.999999982758621,2.0
1273.8191233780235,142.8204116821289,51,50,1.0199999796000006,2.0
1648.1369518525898,162.39019012451172,57,57,0.9999999824561407,2.0
1458.918868901208,152.91259002685547,52,54,0.9629629451303159,2.0
1470.8342432677746,153.45601654052734,55,53,1.0377358294766825,2.0
1461.791313137859,152.95327758789062,55,56,0.9821428396045921,2.0
1740.4545672908425,166.87503051757812,45,45,0.9999999777777784,2.0
1364.1263762116432,147.76432037353516,53,53,0.9999999811320759,2.0
1181.1394264185801,137.7204132080078,47,45,1.0444444212345685,2.0
1541.9307120889425,157.2990951538086,54,52,1.0384615184911248,2.0
1031.9471633769572,128.50519561767578,46,47,0.9787233834314174,2.0
1267.2717221491039,142.7082405090332,42,36,1.1666666342592602,2.0
1560.643827561289,158.0409698486328,46,47,0.9787233834314174,2.0
1610.9970407932997,161.4583511352539,50,56,0.8928571269132657,2.0
1332.676786661148,146.05459594726562,53,53,0.9999999811320759,2.0
1206.5702489763498,138.9514923095703,50,49,1.0204081424406501,2.0
1713.2303252834827,165.63021850585938,58,59,0.9830508307957486,2.0
1578.7097510248423,159.01097869873047,51,49,1.0408163052894632,2.0
1842.6428306810558,171.73691940307617,48,50,0.9599999808000005,2.0
1780.279069211334,168.85382080078125,56,58,0.9655172247324617,2.0
1275.8986536990851,142.9538345336914,48,49,0.9795918167430242,2.0
1087.6188844405115,132.06943321228027,44,42,1.0476190226757376,2.0
1456.3430963419378,152.7991714477539,46,43,1.0697674169821532,2.0
1700.2906724484637,164.94750213623047,54,53,1.0188679053043792,2.0
1509.438715627417,155.4068603515625,52,52,0.9999999807692311,2.0
1428.4699085075408,151.31739807128906,54,54,0.9999999814814818,2.0
1430.18485660851,151.35313415527344,50,47,1.0638297645993668,2.0
1635.0712793748826,161.91259765625,56,55,1.0181817996694218,2.0
881.8809843230993,118.78630638122559,43,43,0.9999999767441866,2.0
1306.090521402657,145.04747009277344,44,39,1.1282050992767925,2.0
2957.364660238847,217.52685546875,67,67,0.9999999850746272,2.0
2920.6135746063665,216.17229843139648,71,71,0.9999999859154932,2.0
1507.277570270002,155.3389663696289,45,43,1.0465116035694977,2.0
1257.3139878492802,141.83882904052734,51,51,0.9999999803921573,2.0
1440.4413063451648,152.5536117553711,46,51,0.9019607666282203,2.0
1320.0399917233735,145.48356246948242,52,52,0.9999999807692311,2.0
2235.407790094614,189.95123291015625,45,54,0.8333333179012349,2.0
1063.3358958251774,130.44390106201172,46,46,0.9999999782608701,2.0
1477.7847785949707,153.77373504638672,45,46,0.9782608482986772,2.0
1704.1015151049942,165.33964157104492,52,55,0.9454545282644632,2.0
1339.8338736724108,146.42189025878906,52,53,0.9811320569597726,2.0
1917.2716771308333,175.16436767578125,44,45,0.9777777560493832,2.0
1393.6404795870185,149.34300231933594,53,53,0.9999999811320759,2.0
1221.6999217579141,139.82226943969727,46,47,0.9787233834314174,2.0
699.1557062938809,106.06916236877441,38,36,1.0555555262345688,2.0
1158.8747039027512,136.16918182373047,44,45,0.9777777560493832,2.0
1280.1006507100537,143.16938018798828,44,46,0.9565217183364845,2.0
1178.5587427252904,137.43619918823242,49,49,0.9999999795918372,2.0
1524.3387705013156,156.31090545654297,55,53,1.0377358294766825,2.0
1256.8117022980005,142.22930145263672,51,50,1.0199999796000006,2.0
1169.2656910941005,136.7830047607422,46,46,0.9999999782608701,2.0
883.5809419639409,118.91606521606445,42,41,1.0243902189173117,2.0
1358.425211502239,147.48155212402344,51,49,1.0408163052894632,2.0
1263.9966238364577,142.7710952758789,46,41,1.121951192147532,2.0
1505.8910016389564,155.27840423583984,56,56,0.9999999821428575,2.0
1664.0447624735534,163.1731185913086,58,58,0.999999982758621,2.0
1575.364445399493,158.7926368713379,54,55,0.9818181639669425,2.0
1531.1252252869308,156.68460845947266,54,52,1.0384615184911248,2.0
1379.798257805407,148.6180763244629,53,53,0.9999999811320759,2.0
1646.2663286179304,162.3383560180664,58,58,0.999999982758621,2.0
1584.510967725888,159.3075408935547,51,52,0.9807692119082845,2.0
1265.5362260164693,142.29883193969727,46,46,0.9999999782608701,2.0
1448.1405059099197,152.96047973632812,55,55,0.9999999818181822,2.0
1877.4523018430918,173.47442626953125,42,46,0.9130434584120988,2.0
1224.4900347683579,140.00457763671875,50,50,0.9999999800000005,2.0
1469.4633720489219,153.33436965942383,48,49,0.9795918167430242,2.0
1343.0512279085815,146.5935821533203,48,48,0.9999999791666672,2.0
1736.5253281965852,166.77952575683594,59,59,0.9999999830508478,2.0
1545.6183234788477,157.28554916381836,54,54,0.9999999814814818,2.0
1594.991215467453,159.7573699951172,56,57,0.9824561231148049,2.0
1619.8524284362793,161.26307678222656,56,53,1.0566037536489858,2.0
1465.0819272510707,153.14022064208984,53,53,0.9999999811320759,2.0
1567.2352090105414,158.35601806640625,56,56,0.9999999821428575,2.0
1454.0645279958844,152.55063247680664,54,54,0.9999999814814818,2.0
1345.3776964060962,146.9294891357422,51,50,1.0199999796000006,2.0
1434.5141732161865,151.5052261352539,55,54,1.0185184996570649,2.0
1490.629287470132,154.60195922851562,51,49,1.0408163052894632,2.0
1383.2220369279385,148.88687133789062,49,46,1.0652173681474486,2.0
1201.186298970133,138.70372009277344,49,50,0.9799999804000005,2.0
1670.653966391459,163.5782699584961,49,50,0.9799999804000005,2.0
1369.358964085579,148.0705337524414,50,48,1.0416666449652783,2.0
1570.0021981410682,158.60076141357422,57,57,0.9999999824561407,2.0
1589.242567140609,159.46253967285156,56,56,0.9999999821428575,2.0
1435.934249324724,151.6196517944336,51,52,0.9807692119082845,2.0
1355.488742351532,147.32894897460938,52,51,1.0196078231449448,2.0
1502.0488301105797,155.02743530273438,56,55,1.0181817996694218,2.0
1162.2773742638528,136.42343139648438,44,43,1.0232557901568422,2.0
1271.711741251871,142.7784652709961,46,44,1.0454545216942155,2.0
1568.669080174528,158.44044494628906,50,50,0.9999999800000005,2.0
1405.225712025538,150.05909729003906,51,49,1.0408163052894632,2.0
1168.4952570749447,137.02906036376953,48,46,1.0434782381852556,2.0
1326.3446918372065,145.69837188720703,49,49,0.9999999795918372,2.0
1043.2592491433024,129.23138809204102,47,47,0.9999999787234047,2.0
1208.732750184834,139.1356430053711,50,50,0.9999999800000005,2.0
1566.3931231554598,158.64990997314453,56,57,0.9824561231148049,2.0
1560.898562502116,158.21681213378906,51,48,1.0624999778645838,2.0
1866.7910223184153,172.9338722229004,49,51,0.9607842948865825,2.0
1548.4083692301065,157.55315017700195,48,51,0.9411764521337951,2.0
1569.784325234592,158.4832878112793,50,50,0.9999999800000005,2.0
1423.15336614009,151.0725212097168,52,50,1.0399999792000005,2.0
1342.790649332106,146.83267974853516,48,45,1.0666666429629637,2.0
1610.1007083840668,160.51689529418945,55,55,0.9999999818181822,2.0
858.2785522788763,117.21665573120117,39,40,0.9749999756250006,2.0
1268.7660611234605,142.83670043945312,45,40,1.1249999718750008,2.0
1684.8306518793106,164.22499465942383,57,58,0.9827586037455414,2.0
1481.9385466203094,153.98395538330078,53,54,0.9814814633058989,2.0
1504.7288530990481,155.21282196044922,55,54,1.0185184996570649,2.0
1390.6045040898025,149.1632423400879,54,54,0.9999999814814818,2.0
1316.006893709302,145.11656951904297,52,51,1.0196078231449448,2.0
1112.953446060419,133.68385696411133,47,46,1.021739108223063,2.0
1081.9368620812893,131.75917434692383,47,47,0.9999999787234047,2.0
1954.8943179547787,177.9171142578125,41,51,0.8039215528642834,2.0
1239.615310896188,141.01901245117188,50,49,1.0204081424406501,2.0
1576.872526699677,158.84654998779297,48,47,1.0212765740153922,2.0
1408.8733188994229,150.7051773071289,41,47,0.8723404069714807,2.0
1307.0898567344993,144.84313201904297,47,49,0.9591836538942112,2.0
1060.4758774973452,130.43882179260254,45,44,1.0227272494834716,2.0
984.1161433793604,125.48250198364258,38,38,0.9999999736842113,2.0
1021.1728688813746,127.82721138000488,46,46,0.9999999782608701,2.0
1531.025220233947,156.56427764892578,55,53,1.0377358294766825,2.0
2216.1772618740797,190.82046508789062,48,61,0.7868852330018815,2.0
1080.8969760164618,131.67412567138672,47,46,1.021739108223063,2.0
1721.0147248059511,166.01416015625,41,44,0.9318181606404964,2.0
1283.7942402996123,143.34749221801758,51,51,0.9999999803921573,2.0
1286.9135536551476,143.5162353515625,49,49,0.9999999795918372,2.0
1242.8777762502432,141.1508331298828,44,42,1.0476190226757376,2.0
1589.6518315151334,159.48643493652344,51,51,0.9999999803921573,2.0
1422.4839044781402,150.89579391479492,51,51,0.9999999803921573,2.0
1292.1241710735485,143.8530044555664,49,49,0.9999999795918372,2.0
1134.5052531212568,135.5084228515625,44,39,1.1282050992767925,2.0
1477.6174079552293,154.4793701171875,50,45,1.1111110864197538,2.0
1486.4090959653258,154.21772003173828,46,46,0.9999999782608701,2.0
1628.9678971767426,161.49346160888672,51,52,0.9807692119082845,2.0
1305.659975251183,144.53567504882812,53,52,1.019230749630178,2.0
1208.3677729479969,139.09000396728516,45,47,0.9574467881394301,2.0
748.6174668446183,109.61972045898438,39,38,1.0263157624653747,2.0
1522.1720052342862,156.20365142822266,50,48,1.0416666449652783,2.0
1605.2076352564618,160.3553581237793,56,57,0.9824561231148049,2.0
1876.0952574489638,173.25615310668945,50,50,0.9999999800000005,2.0
1724.007562175393,166.3988800048828,58,60,0.9666666505555559,2.0
1483.6853906661272,154.08681106567383,45,46,0.9782608482986772,2.0
1883.7145437914878,173.72541046142578,56,58,0.9655172247324617,2.0
1363.186857804656,147.7839584350586,53,53,0.9999999811320759,2.0
1163.5029501263052,136.4416046142578,47,47,0.9999999787234047,2.0
1094.7080716509372,132.60022735595703,47,46,1.021739108223063,2.0
964.0887692924589,124.2087173461914,44,43,1.0232557901568422,2.0
1150.1798603199422,135.83761596679688,47,45,1.0444444212345685,2.0
1331.2177280969918,145.95148849487305,53,53,0.9999999811320759,2.0
1568.1307002045214,158.47940826416016,47,49,0.9591836538942112,2.0
1204.7838018182665,138.84916305541992,47,47,0.9999999787234047,2.0
1238.5810457970947,140.77409744262695,49,48,1.0208333120659727,2.0
1202.0521260537207,139.38187980651855,45,39,1.153846124260356,2.0
1227.244210999459,140.1860809326172,43,45,0.9555555343209882,2.0
1513.0078377779573,155.60444259643555,47,47,0.9999999787234047,2.0
1120.1972945965827,133.8816032409668,45,44,1.0227272494834716,2.0
1204.125350243412,138.94546508789062,45,43,1.0465116035694977,2.0
1281.4674532571808,143.4703025817871,48,45,1.0666666429629637,2.0
1695.3568516261876,164.7006378173828,55,56,0.9821428396045921,2.0
960.6869504190981,124.0074462890625,44,45,0.9777777560493832,2.0
1246.414987374097,141.28459930419922,41,39,1.051282024326102,2.0
1670.225972538814,163.5644073486328,55,56,0.9821428396045921,2.0
1503.3189494498074,155.10576629638672,56,55,1.0181817996694218,2.0
1419.4328504242003,150.9475326538086,53,51,1.039215665897732,2.0
1244.75445028767,141.1452751159668,51,51,0.9999999803921573,2.0
1136.6920868828893,134.93810653686523,40,41,0.9756097323022017,2.0
1184.2544437143952,137.65217971801758,46,46,0.9999999782608701,2.0
1345.4034031070769,146.76387786865234,47,47,0.9999999787234047,2.0
1127.2872658744454,134.30420684814453,39,39,0.999999974358975,2.0
1109.8329049497843,133.29279327392578,47,47,0.9999999787234047,2.0
1057.0563415307552,130.06428146362305,46,45,1.0222221995061733,2.0
1440.4272193089128,151.83484649658203,54,53,1.0188679053043792,2.0
1209.5875705443323,139.11658477783203,45,46,0.9782608482986772,2.0
1323.808442090638,145.5950584411621,47,45,1.0444444212345685,2.0
1632.4251351486892,161.6231918334961,51,52,0.9807692119082845,2.0
1387.8778365617618,149.1231689453125,51,49,1.0408163052894632,2.0
1365.2405680194497,148.16698455810547,49,45,1.0888888646913586,2.0
1781.233560686931,168.83333587646484,57,56,1.0178571246811228,2.0
872.2851963918656,118.13802146911621,43,42,1.0238094994331073,2.0
1142.6027452647686,135.73366165161133,44,39,1.1282050992767925,2.0
1425.7107102852315,151.59378814697266,50,46,1.0869564981096413,2.0
1798.986336413771,169.65816497802734,56,56,0.9999999821428575,2.0
802.9158785715699,113.36812973022461,41,41,0.9999999756097567,2.0
1120.4634890872985,134.07542991638184,41,38,1.0789473400277017,2.0
1081.6846750807017,131.70434951782227,44,41,1.0731707055324218,2.0
1215.5438943589106,139.46241760253906,43,44,0.977272705061984,2.0
1450.1679108645767,152.36620330810547,52,53,0.9811320569597726,2.0
1361.8716815263033,147.79641723632812,46,44,1.0454545216942155,2.0
1895.2021665796638,174.28066635131836,54,51,1.0588235086505196,2.0
1559.623636007309,157.96884155273438,47,46,1.021739108223063,2.0
1276.0558785907924,142.89071655273438,51,51,0.9999999803921573,2.0
1517.372206080705,156.56822967529297,46,51,0.9019607666282203,2.0
1660.0338514214382,162.9880485534668,43,43,0.9999999767441866,2.0
1124.3707229215652,134.16669464111328,48,48,0.9999999791666672,2.0
1206.1564286127687,139.36321258544922,44,40,1.0999999725000007,2.0
1199.044765186496,138.51820755004883,48,48,0.9999999791666672,2.0
1222.2758197896183,139.84425354003906,48,49,0.9795918167430242,2.0
1083.5939449295402,131.9257583618164,42,38,1.105263128808865,2.0
1825.4387479554862,170.98628616333008,60,60,0.9999999833333336,2.0
1805.0897688157856,169.95137405395508,48,49,0.9795918167430242,2.0
1640.323282752186,162.0457763671875,51,50,1.0199999796000006,2.0
1757.8306690305471,168.02517700195312,55,58,0.9482758457193821,2.0
1359.053814008832,147.73697662353516,48,44,1.090909066115703,2.0
1777.7667158730328,168.66453552246094,57,56,1.0178571246811228,2.0
835.0826741829515,115.62438201904297,38,37,1.0270269992695407,2.0
1222.21403292194,140.46225929260254,44,39,1.1282050992767925,2.0
1186.742259060964,137.7995948791504,44,43,1.0232557901568422,2.0
1214.99551993981,139.43573760986328,45,43,1.0465116035694977,2.0
1419.817612638697,150.87696838378906,54,55,0.9818181639669425,2.0
1816.0539552262053,170.47667694091797,51,52,0.9807692119082845,2.0
1438.8615103587508,151.74185943603516,51,52,0.9807692119082845,2.0
1715.6609347648919,165.68215942382812,59,59,0.9999999830508478,2.0
1294.7593446858227,144.43257904052734,49,45,1.0888888646913586,2.0
1699.4735807459801,164.9025650024414,54,54,0.9999999814814818,2.0
920.0811085514724,121.37815284729004,44,44,0.9999999772727278,2.0
1225.5896933153272,140.40743255615234,43,39,1.102564074293229,2.0
1608.6520170951262,160.4320297241211,50,51,0.9803921376393699,2.0
1427.1406302154064,151.13745880126953,50,50,0.9999999800000005,2.0
1331.0373590374365,145.93413925170898,50,50,0.9999999800000005,2.0
1179.814391568303,137.71669006347656,41,37,1.1081080781592412,2.0
1212.1404691506177,139.2758560180664,50,50,0.9999999800000005,2.0
1090.7094710860401,132.1386375427246,41,40,1.0249999743750007,2.0
1245.9040429918095,141.19306182861328,46,45,1.0222221995061733,2.0
1234.0027653994039,140.7733154296875,46,44,1.0454545216942155,2.0
1774.3390510603786,168.53277587890625,57,55,1.0363636175206616,2.0
891.6193951312453,119.49606513977051,41,40,1.0249999743750007,2.0
1227.281275799498,140.8443088531494,43,38,1.1315789175900286,2.0
1467.8768796939403,153.29515838623047,48,47,1.0212765740153922,2.0
1757.4556217808276,167.70798110961914,56,56,0.9999999821428575,2.0
838.5766805391759,115.84318351745605,41,42,0.9761904529478465,2.0
1224.0826911721379,140.48070907592773,43,39,1.102564074293229,2.0
0.22470905631780624,1.92303466796875,1,1,0.9999990000010001,2.0
1607.5179515630007,160.4354476928711,56,56,0.9999999821428575,2.0
1518.277652202174,155.88335037231445,53,54,0.9814814633058989,2.0
1461.3911533020437,152.93389892578125,54,53,1.0188679053043792,2.0
1429.8428169339895,151.3433609008789,55,54,1.0185184996570649,2.0
1549.9007307887077,157.50375366210938,55,56,0.9821428396045921,2.0
1759.212799930945,167.89832305908203,45,48,0.9374999804687505,2.0
1319.6899514170364,145.31980514526367,47,46,1.021739108223063,2.0
1506.75449045375,155.6362533569336,49,53,0.9245282844428626,2.0
1497.4979610899463,154.91032791137695,50,48,1.0416666449652783,2.0
1707.7365116896108,165.34119033813477,58,59,0.9830508307957486,2.0
1820.7902130503207,170.83651733398438,47,50,0.9399999812000004,2.0
1653.887269994244,162.71016693115234,56,57,0.9824561231148049,2.0
1243.2589880675077,141.1598777770996,51,50,1.0199999796000006,2.0
1313.1368108596653,145.19558715820312,49,46,1.0652173681474486,2.0
1713.0637592887506,165.57992553710938,53,54,0.9814814633058989,2.0
822.4185929894447,114.73279571533203,41,41,0.9999999756097567,2.0
1124.6989931873977,134.5207862854004,42,39,1.0769230493096655,2.0
1802.0150839313865,170.1429443359375,41,46,0.8913043284499059,2.0
1245.4950678106397,141.19939041137695,51,51,0.9999999803921573,2.0
1171.8991168811917,136.9517936706543,47,46,1.021739108223063,2.0
1412.3697654912248,150.33517456054688,49,49,0.9999999795918372,2.0
992.8015320077538,126.03525161743164,44,44,0.9999999772727278,2.0
1293.3098032865673,144.03485488891602,42,39,1.0769230493096655,2.0
1913.8497649021447,174.99035263061523,59,60,0.9833333169444448,2.0
1202.7884363159537,138.77204132080078,43,42,1.0238094994331073,2.0
1466.290032367222,153.25944900512695,54,52,1.0384615184911248,2.0
1298.222848309204,144.57960510253906,52,50,1.0399999792000005,2.0
1198.1810469441116,138.61286163330078,42,39,1.0769230493096655,2.0
921.3912973552942,121.41945266723633,42,42,0.9999999761904769,2.0
1401.794075295329,149.76887130737305,44,45,0.9777777560493832,2.0
1687.936151906848,164.5348358154297,51,54,0.9444444269547329,2.0
1191.860111258924,138.10801696777344,50,49,1.0204081424406501,2.0
898.4518941631541,119.94123268127441,40,41,0.9756097323022017,2.0
894.0215426459908,120.18952941894531,44,42,1.0476190226757376,2.0
827.4151528403163,115.14003944396973,40,41,0.9756097323022017,2.0
1016.4790384173393,127.8790054321289,44,42,1.0476190226757376,2.0
1806.0322345439345,170.2717056274414,43,49,0.8775510024989592,2.0
1248.9986866563559,141.38995361328125,51,50,1.0199999796000006,2.0
1306.907581858337,144.61308670043945,45,45,0.9999999777777784,2.0
1250.1900980472565,141.43335723876953,45,45,0.9999999777777784,2.0
1445.9304981194437,152.19878387451172,53,54,0.9814814633058989,2.0
2090.525478810072,185.50375366210938,48,61,0.7868852330018815,2.0
1071.4940762203187,131.0650119781494,46,45,1.0222221995061733,2.0
1163.357795313932,136.43642044067383,47,48,0.9791666462673616,2.0
1137.3713467121124,135.31867790222168,42,37,1.135135104455808,2.0
1643.8017013594508,162.2513198852539,48,46,1.0434782381852556,2.0
1488.2728702761233,154.3125991821289,47,47,0.9999999787234047,2.0
1258.8920475542545,141.97496795654297,43,45,0.9555555343209882,2.0
1687.6955962534994,164.3612060546875,52,53,0.9811320569597726,2.0
1287.2141670081764,143.55316925048828,49,48,1.0208333120659727,2.0
1882.7902978174388,173.5749740600586,45,46,0.9782608482986772,2.0
1260.264358079061,142.00730514526367,50,51,0.9803921376393699,2.0
1282.049695041962,143.46964263916016,48,45,1.0666666429629637,2.0
1761.2362587889656,167.90222549438477,55,56,0.9821428396045921,2.0
943.7694034017622,122.93076133728027,43,42,1.0238094994331073,2.0
1147.5200702473521,135.566162109375,41,39,1.051282024326102,2.0
1624.4446591567248,161.21917724609375,51,51,0.9999999803921573,2.0
1487.4089271621779,154.26788330078125,51,52,0.9807692119082845,2.0
1205.6022193208337,138.90874481201172,47,48,0.9791666462673616,2.0
1082.2169371545315,131.7974033355713,43,40,1.0749999731250008,2.0
1418.492548007518,150.6969223022461,52,51,1.0196078231449448,2.0
1245.1574828401208,141.57866668701172,46,42,1.0952380691609984,2.0
1315.3073997348547,145.06867599487305,52,52,0.9999999807692311,2.0
1070.2592774033546,131.18451690673828,47,45,1.0444444212345685,2.0
2169.4849457144737,187.36703872680664,48,58,0.8275861926278243,2.0
1305.9221162423491,144.69395065307617,51,51,0.9999999803921573,2.0
1018.9258264955133,127.77250289916992,46,45,1.0222221995061733,2.0
1338.0152784995735,146.31562042236328,51,51,0.9999999803921573,2.0
2292.006598997861,192.75496292114258,47,57,0.8245613890427826,2.0
1406.6057901643217,150.02796173095703,54,54,0.9999999814814818,2.0
1751.789955704473,167.42595291137695,45,45,0.9999999777777784,2.0
1205.0941669121385,138.8587188720703,50,50,0.9999999800000005,2.0
1262.746361207217,142.14849853515625,41,40,1.0249999743750007,2.0
1091.3185240775347,132.14044952392578,47,47,0.9999999787234047,2.0
1619.1263588052243,161.00614166259766,50,52,0.9615384430473377,2.0
1323.206268126145,145.55165100097656,50,49,1.0204081424406501,2.0
1046.2337171137333,129.49507522583008,38,36,1.0555555262345688,2.0
1029.570028141141,128.46281051635742,44,46,0.9565217183364845,2.0
1180.8405499756336,137.46517944335938,49,48,1.0208333120659727,2.0
1117.4923602491617,133.90137100219727,47,45,1.0444444212345685,2.0
1843.2420734465122,173.883544921875,38,51,0.7450980246059211,2.0
1503.6501266732812,155.21377563476562,47,45,1.0444444212345685,2.0
1196.4218145757914,138.72814559936523,50,48,1.0416666449652783,2.0
1380.1086675859988,148.8405876159668,41,44,0.9318181606404964,2.0
1732.768928103149,166.65757751464844,43,46,0.9347825883742916,2.0
1217.1303959563375,139.5615997314453,49,50,0.9799999804000005,2.0
1357.6051127361134,147.39612579345703,53,53,0.9999999811320759,2.0
1263.2990643940866,142.1802215576172,46,45,1.0222221995061733,2.0
1750.169300949201,167.34015655517578,56,55,1.0181817996694218,2.0
818.1553467549384,114.46483993530273,41,41,0.9999999756097567,2.0
1189.8181184120476,138.3720703125,43,38,1.1315789175900286,2.0
1260.4101254139096,142.00922775268555,45,45,0.9999999777777784,2.0
1416.0624256394804,150.55355072021484,47,46,1.021739108223063,2.0
1549.1438552187756,157.71067810058594,54,56,0.9642856970663268,2.0
1668.268274486065,163.39012145996094,58,58,0.999999982758621,2.0
1368.079517070204,147.9700164794922,49,48,1.0208333120659727,2.0
1286.472183380276,143.65654754638672,51,52,0.9807692119082845,2.0
1487.2866689264774,154.3218994140625,39,41,0.9512194889946467,2.0
1254.1818168461323,141.69200897216797,51,51,0.9999999803921573,2.0
1583.7453877590597,159.1981201171875,57,57,0.9999999824561407,2.0
1450.8089086422697,152.3675765991211,53,53,0.9999999811320759,2.0
1445.0559603124857,152.0559539794922,54,54,0.9999999814814818,2.0
1397.097499512136,149.52630615234375,54,54,0.9999999814814818,2.0
1194.4697942994535,138.2472152709961,42,43,0.9767441633315311,2.0
1278.655740197748,143.03653717041016,47,47,0.9999999787234047,2.0
1620.4466704130173,161.0246124267578,56,57,0.9824561231148049,2.0
1347.970938976854,146.8592414855957,50,51,0.9803921376393699,2.0
1361.6398630216718,147.60985565185547,52,51,1.0196078231449448,2.0
1242.7830963255838,141.08369064331055,50,50,0.9999999800000005,2.0
1464.2537365034223,153.14398193359375,54,53,1.0188679053043792,2.0
2245.581245340407,191.88969802856445,49,62,0.7903225678980231,2.0
1126.7496527135372,134.4013214111328,47,47,0.9999999787234047,2.0
1165.395953156054,136.68836975097656,42,39,1.0769230493096655,2.0
984.8393933475018,125.53498077392578,44,44,0.9999999772727278,2.0
1620.8585559614003,161.04104614257812,47,46,1.021739108223063,2.0
1323.0174180231988,145.50086212158203,52,52,0.9999999807692311,2.0
1430.4291820712388,151.634765625,44,47,0.9361701928474427,2.0
1510.469481907785,155.57894897460938,46,44,1.0454545216942155,2.0
1246.7109955456108,141.38536834716797,51,50,1.0199999796000006,2.0
1511.1685814224184,156.00899505615234,46,50,0.9199999816000004,2.0
1572.7768192254007,158.63436889648438,55,54,1.0185184996570649,2.0
3649.3942612931132,242.8692626953125,55,68,0.8088235175173012,2.0
1075.0700801927596,131.35487747192383,47,46,1.021739108223063,2.0
1477.0561834610999,153.77906036376953,53,53,0.9999999811320759,2.0
2305.619790531695,194.15467071533203,49,61,0.8032786753560873,2.0
1148.7319847345352,135.6535758972168,48,49,0.9795918167430242,2.0
1270.3537229839712,142.62567138671875,45,44,1.0227272494834716,2.0
1065.5312205255032,130.5803451538086,41,42,0.9761904529478465,2.0
1599.698574827984,159.99921798706055,48,47,1.0212765740153922,2.0
1731.439142845571,166.56349563598633,54,55,0.9818181639669425,2.0
1283.0819554142654,143.7160186767578,51,52,0.9807692119082845,2.0
1735.7287430092692,166.64986038208008,51,50,1.0199999796000006,2.0
1331.8595560137182,146.00693130493164,50,49,1.0204081424406501,2.0
1638.271034273319,161.90456771850586,58,58,0.999999982758621,2.0
1006.0285881347954,126.95344543457031,42,40,1.0499999737500008,2.0
1337.520994453691,146.4383888244629,47,45,1.0444444212345685,2.0
1413.4441313464195,150.5400161743164,51,52,0.9807692119082845,2.0
1600.4751914031804,160.12827682495117,57,57,0.9999999824561407,2.0
1510.0512806195766,155.4713478088379,42,44,0.9545454328512403,2.0
1256.4220216795802,141.82754516601562,50,50,0.9999999800000005,2.0
1470.268397736363,153.3767318725586,48,48,0.9999999791666672,2.0
1576.4526359923184,159.1293182373047,56,57,0.9824561231148049,2.0
1751.2341792322695,167.4479522705078,45,46,0.9782608482986772,2.0
1486.5494806375355,154.42176818847656,54,54,0.9999999814814818,2.0
1402.9661852968857,150.09188842773438,52,54,0.9629629451303159,2.0
1289.9086847491562,143.7448959350586,52,52,0.9999999807692311,2.0
1542.513007454574,157.2410659790039,56,54,1.0370370178326478,2.0
2246.916465166956,191.31460571289062,50,61,0.8196721177102931,2.0
1229.2163471318781,140.30250549316406,50,50,0.9999999800000005,2.0
1466.1273477301002,153.17517852783203,42,41,1.0243902189173117,2.0
1208.213789889589,139.08097457885742,49,50,0.9799999804000005,2.0
1082.2713213786483,132.05724716186523,46,43,1.0697674169821532,2.0
997.4536525737494,126.49360084533691,46,45,1.0222221995061733,2.0
1849.310383938253,173.41609954833984,42,52,0.8076922921597637,2.0
1468.889148838818,153.33665466308594,46,47,0.9787233834314174,2.0
1365.2567611914128,147.85458755493164,53,53,0.9999999811320759,2.0
1601.5959475189447,161.01728057861328,43,51,0.8431372383698581,2.0
3416.7511260267347,233.8475341796875,76,74,1.0270270131482837,3.0
3060.0815933048725,221.52555084228516,79,79,0.9999999873417723,3.0
3234.3924673981965,227.510986328125,57,58,0.9827586037455414,3.0
2851.379224651493,213.59920501708984,76,75,1.0133333198222225,3.0
3002.8887806087732,219.1974105834961,58,59,0.9830508307957486,3.0
3276.8716539032757,229.26748657226562,57,63,0.904761890400605,3.0
2702.134937411174,208.06449508666992,54,58,0.9310344667063023,3.0
3644.543524120003,241.93579864501953,80,76,1.052631565096953,3.0
2321.6977984681726,196.71198272705078,69,58,1.1896551519024974,3.0
3549.328805975616,238.9000473022461,61,68,0.8970588103373704,3.0
3409.600011508912,233.79618072509766,62,67,0.9253731205168191,3.0
2703.1511626858264,208.1245002746582,55,58,0.9482758457193821,3.0
3547.0582012664527,238.26531219482422,76,74,1.0270270131482837,3.0
3683.9612699951977,243.03533554077148,80,78,1.0256410124917819,3.0
3345.9451882764697,231.66854095458984,83,82,1.0121951096073767,3.0
3087.8282328285277,223.53733444213867,78,72,1.0833333182870373,3.0
3365.8797320416197,232.3882293701172,78,80,0.9749999878125002,3.0
3213.8897648137063,226.83021926879883,61,58,1.05172411979786,3.0
2976.5995960980654,218.40881729125977,67,70,0.9571428434693879,3.0
2981.079846020788,218.5970230102539,67,70,0.9571428434693879,3.0
3502.324616767466,236.7330322265625,60,61,0.9836065412523518,3.0
3582.1142546758056,239.4898681640625,83,82,1.0121951096073767,3.0
3353.270228295587,231.70771026611328,67,69,0.9710144786809496,3.0
3422.81155744195,234.0228271484375,60,59,1.016949135305947,3.0
3820.8893118835986,247.3979835510254,65,69,0.9420289718546526,3.0
3612.657241607085,240.73528671264648,66,71,0.9295774516960923,3.0
3495.145010009408,236.5820541381836,83,81,1.024691345374181,3.0
3246.402792032808,228.401123046875,55,63,0.8730158591584785,3.0
3693.309074204415,243.09063720703125,80,79,1.0126582150296428,3.0
3050.15944744274,220.98456573486328,79,79,0.9999999873417723,3.0
2854.3960981220007,213.7338104248047,58,59,0.9830508307957486,3.0
3226.9332348182797,228.20191192626953,75,68,1.1029411602508654,3.0
2360.1581048704684,198.89884185791016,71,59,1.2033898101120373,3.0
3375.86744008027,233.31174850463867,58,68,0.8529411639273359,3.0
2822.506059728563,212.93907928466797,54,61,0.8852458871271166,3.0
2649.8580275662243,206.67466735839844,71,67,1.0597014767208734,3.0
2089.6287979688495,185.35254669189453,65,56,1.1607142649872453,3.0
3595.016688203439,240.1333122253418,60,66,0.9090908953168046,3.0
3321.869784263894,230.58359909057617,65,67,0.970149239251504,3.0
3934.481237847358,251.49354553222656,65,73,0.8904109467066994,3.0
3359.2842936106026,231.905029296875,57,61,0.9344262141897343,3.0
2332.630152348429,194.3077621459961,69,64,1.0781249831542972,3.0
3683.405843762681,243.09554290771484,84,81,1.037037024234111,3.0
3777.998796576634,245.89051055908203,88,88,0.9999999886363637,3.0
2892.8545301668346,215.15388107299805,58,59,0.9830508307957486,3.0
4342.698294475675,264.03621673583984,67,74,0.9054053931701974,3.0
3446.1905994424596,234.87670135498047,61,64,0.9531249851074222,3.0
3591.307338346727,239.97876739501953,82,80,1.0249999871875002,3.0
2330.760150806047,193.78266525268555,68,64,1.0624999833984379,3.0
3940.5768579393625,251.19347381591797,90,90,0.9999999888888891,3.0
2819.6469419896603,212.4014663696289,75,75,0.9999999866666669,3.0
3302.91887036711,230.77846145629883,56,66,0.8484848356290177,3.0
3383.089211639017,232.6737060546875,65,67,0.970149239251504,3.0
3756.775817747228,245.59832382202148,61,68,0.8970588103373704,3.0
4241.742658741772,260.5170135498047,87,86,1.011627895213629,3.0
3558.017204876058,238.833984375,85,85,0.9999999882352942,3.0
3391.8744057100266,232.99208068847656,76,75,1.0133333198222225,3.0
3105.406580721028,223.0487060546875,80,79,1.0126582150296428,3.0
2861.3170478604734,213.96511459350586,75,75,0.9999999866666669,3.0
3321.5122191235423,230.67447662353516,66,69,0.9565217252678011,3.0
4002.858766341582,253.86970901489258,66,75,0.8799999882666668,3.0
3185.265532411635,225.89226531982422,58,62,0.9354838558792927,3.0
3303.568581685424,230.1583023071289,58,63,0.9206349060216682,3.0
2781.405762044713,211.04179763793945,76,76,0.9999999868421054,3.0
3382.313199918717,232.75145721435547,65,68,0.9558823388840832,3.0
3226.125910900533,227.20471954345703,59,60,0.9833333169444448,3.0
3018.0082128345966,219.752685546875,56,56,0.9999999821428575,3.0
3045.0519309798256,220.77595138549805,79,79,0.9999999873417723,3.0
2884.6981435082853,214.88500595092773,77,77,0.9999999870129872,3.0
2879.6257701897994,214.9299774169922,67,71,0.9436619585399725,3.0
3270.9676066711545,228.7952880859375,59,57,1.0350877011388122,3.0
3155.6974464571103,226.15700912475586,56,68,0.8235293996539794,3.0
2958.5070401653647,217.83946228027344,76,75,1.0133333198222225,3.0
3456.5629154685885,235.27713012695312,80,79,1.0126582150296428,3.0
2928.956511969678,216.74404907226562,66,70,0.9428571293877553,3.0
3598.268421020359,239.94231033325195,64,64,0.9999999843750003,3.0
2572.7573441267014,204.94805908203125,74,69,1.0724637525729892,3.0
2933.5410209018737,217.16785430908203,64,69,0.9275362184415041,3.0
3417.6424332261086,233.9384765625,61,58,1.05172411979786,3.0
3026.8349089212716,220.3352394104004,67,71,0.9436619585399725,3.0
3519.807247236371,237.31396484375,60,60,0.9999999833333336,3.0
3014.478285510093,219.69425582885742,59,62,0.9516128878772115,3.0
2712.1046005934477,216.41995239257812,77,56,1.374999975446429,3.0
2409.2622973769903,201.88909149169922,73,60,1.2166666463888893,3.0
3336.6025053747,231.14162063598633,82,83,0.9879517953258821,3.0
3060.6504801400006,222.2395477294922,78,73,1.0684931360480392,3.0
2880.731469246559,215.8221893310547,74,78,0.9487179365548983,3.0
3727.9235385656357,244.368408203125,60,64,0.9374999853515628,3.0
3119.661202453077,223.77633666992188,77,73,1.0547945060987054,3.0
3028.8397283051163,220.40903091430664,79,79,0.9999999873417723,3.0
3144.078080644831,225.02985000610352,78,75,1.0399999861333336,3.0
3014.8003551512957,219.84716033935547,68,72,0.9444444313271607,3.0
3662.052646189928,242.065185546875,62,61,1.0163934259607637,3.0
3017.8658805293962,220.16890716552734,66,71,0.9295774516960923,3.0
3352.6495187804103,231.8575439453125,56,61,0.9180327718355283,3.0
2542.1417779661715,202.11962127685547,67,63,1.0634920466112374,3.0
3928.5102828405797,251.31249237060547,87,83,1.048192758455509,3.0
4050.952329484746,254.69373321533203,91,90,1.0111110998765434,3.0
2596.9710470177233,203.86712646484375,72,71,1.0140844927593733,3.0
3114.39667031914,223.84880828857422,60,67,0.8955223746936959,3.0
3352.4828122258186,231.62786102294922,63,62,1.016129015868887,3.0
3058.1962671875954,221.32760620117188,75,74,1.0135134998173851,3.0
3157.6030820850283,224.86620330810547,80,80,0.9999999875000002,3.0
3088.0746660660952,222.5874786376953,61,66,0.9242424102387514,3.0
1895.5726315956563,183.0548915863037,67,47,1.4255318845631515,3.0
2986.8510856069624,221.98053741455078,75,61,1.2295081765654399,3.0
3277.2294734772295,229.3980369567871,80,78,1.0256410124917819,3.0
3332.3301741443574,231.1081085205078,63,67,0.9402984934283807,3.0
2994.259385868907,218.98837280273438,77,77,0.9999999870129872,3.0
3988.7878166362643,252.6601333618164,91,90,1.0111110998765434,3.0
1647.0262760464102,164.03822708129883,54,46,1.1739130179584127,3.0
3101.6206364929676,222.97153091430664,57,61,0.9344262141897343,3.0
3328.805369468406,231.66542053222656,59,68,0.8676470460640141,3.0
3629.930709373206,241.6887435913086,60,69,0.8695652047889101,3.0
3588.346574008465,239.6112403869629,65,65,0.9999999846153849,3.0
3595.824812375009,239.92678833007812,67,69,0.9710144786809496,3.0
2889.7725593298674,215.0320930480957,57,58,0.9827586037455414,3.0
3781.7190354168415,246.72865295410156,82,77,1.0649350511047397,3.0
2523.152808064595,206.30541229248047,74,60,1.2333333127777781,3.0
3092.435661327094,223.23971557617188,54,63,0.8571428435374152,3.0
3392.118114799261,232.97210693359375,76,76,0.9999999868421054,3.0
3204.8518508439884,226.9019889831543,82,81,1.012345666514251,3.0
2798.8983557838947,211.80590057373047,58,62,0.9354838558792927,3.0
3513.033025689423,237.0950927734375,76,75,1.0133333198222225,3.0
3554.545435944572,238.5687713623047,75,73,1.0273972462000378,3.0
2853.724339939654,217.69456481933594,76,64,1.1874999814453129,3.0
3530.201597241685,238.7351951599121,80,72,1.1111110956790127,3.0
3565.9064820874482,238.8648796081543,65,66,0.9848484699265384,3.0
3499.986213132739,237.0135498046875,57,64,0.8906249860839847,3.0
2928.381703644991,216.46469497680664,58,58,0.999999982758621,3.0
3226.0869724825025,228.34545135498047,75,66,1.1363636191460058,3.0
2648.2919435575604,209.1377716064453,73,62,1.1774193358480753,3.0
3776.2691836431623,246.0169677734375,65,60,1.0833333152777782,3.0
3175.1046595051885,225.5738525390625,66,69,0.9565217252678011,3.0
3237.939185867086,227.72793579101562,58,61,0.9508196565439401,3.0
3302.4884922038764,230.35440063476562,58,65,0.8923076785798819,3.0
3097.528208002448,222.625,57,56,1.0178571246811228,3.0
3078.292860969901,222.118896484375,78,79,0.9873417596539018,3.0
3413.6460719257593,233.70658111572266,77,77,0.9999999870129872,3.0
3158.6445272332057,224.9665298461914,80,80,0.9999999875000002,3.0
2974.291620509699,218.30630111694336,57,61,0.9344262141897343,3.0
3147.898348240182,225.2546043395996,76,70,1.0857142702040818,3.0
2614.780586130917,207.87328338623047,74,62,1.1935483678459942,3.0
3926.4381351321936,250.88591384887695,66,72,0.9166666539351854,3.0
3362.6799986436963,232.14288330078125,65,69,0.9420289718546526,3.0
3320.101170517504,231.20524978637695,57,66,0.8636363505509644,3.0
3424.1749756224453,234.15834426879883,74,76,0.9736841977146816,3.0
3794.924411177635,246.4185791015625,63,63,0.9999999841269844,3.0
3207.317625535652,226.57714080810547,68,69,0.9855072320940981,3.0
3373.668696558103,232.54647064208984,63,58,1.0862068778240195,3.0
3400.151009483263,233.33622360229492,66,69,0.9565217252678011,3.0
2895.808208309114,215.2524185180664,60,59,1.016949135305947,3.0
3154.023041276261,225.07633209228516,55,62,0.8870967598855362,3.0
2214.252520722337,189.98430252075195,64,55,1.1636363424793392,3.0
3668.761324075982,242.73241424560547,86,87,0.9885057357643019,3.0
3329.5214890846983,231.7523307800293,82,77,1.0649350511047397,3.0
3195.711636915803,226.73772430419922,56,63,0.8888888747795417,3.0
3050.972010590136,220.97789764404297,78,78,0.9999999871794873,3.0
3105.0387473739684,222.93024826049805,79,80,0.9874999876562501,3.0
3565.8662512116134,238.86016845703125,60,61,0.9836065412523518,3.0
3228.099874176085,227.83496856689453,55,64,0.8593749865722659,3.0
3116.309269323945,223.4468994140625,79,79,0.9999999873417723,3.0
3153.667654171586,224.63116455078125,58,57,1.0175438417974765,3.0
2985.3762161433697,220.0937957763672,77,70,1.0999999842857147,3.0
3061.583341746591,221.3275489807129,62,61,1.0163934259607637,3.0
3411.6791190896183,234.29407119750977,84,83,1.0120481805777328,3.0
3620.370096605271,241.391357421875,60,69,0.8695652047889101,3.0
3526.9091070536524,237.60552597045898,77,77,0.9999999870129872,3.0
3071.413643717766,221.84918975830078,80,78,1.0256410124917819,3.0
2913.820244002156,216.1356315612793,63,67,0.9402984934283807,3.0
3381.8748099133372,232.6531982421875,61,59,1.033898287561046,3.0
3447.8339466266334,235.0506591796875,67,70,0.9571428434693879,3.0
3523.385698247701,237.496826171875,62,65,0.9538461391715979,3.0
2732.080756947398,209.12699508666992,75,74,1.0135134998173851,3.0
3087.380680806935,222.50697326660156,80,79,1.0126582150296428,3.0
3698.7951937243342,243.61260223388672,65,71,0.9154929448522121,3.0
3772.2336100414395,246.7820587158203,63,74,0.8513513398466035,3.0
3299.435355655849,229.98151397705078,63,67,0.9402984934283807,3.0
3720.610811125487,244.54102325439453,62,70,0.8857142730612247,3.0
3222.3086144812405,227.1103057861328,82,81,1.012345666514251,3.0
2920.1239477116615,217.33282852172852,76,70,1.0857142702040818,3.0
3236.0257219672203,227.5593719482422,73,72,1.013888874807099,3.0
3388.923841819167,234.0697021484375,54,65,0.8307692179881659,3.0
3515.034079194069,237.5091781616211,83,81,1.024691345374181,3.0
3426.9371472522616,234.20909881591797,64,67,0.9552238663399424,3.0
3746.3079147189856,245.668212890625,64,72,0.88888887654321,3.0
3164.3643586449325,225.03857421875,57,58,0.9827586037455414,3.0
2803.0955502307042,211.79038619995117,76,75,1.0133333198222225,3.0
3084.915529150516,222.47772216796875,54,59,0.9152542217753522,3.0
2375.3918942660093,195.03202056884766,68,67,1.0149253579861888,3.0
3494.7579787373543,237.0933494567871,82,78,1.0512820378040764,3.0
3699.6233743373305,243.54907989501953,88,86,1.0232558020551652,3.0
3174.1644506677985,225.41598510742188,58,60,0.9666666505555559,3.0
2766.6987281665206,210.42251586914062,76,75,1.0133333198222225,3.0
3211.54350556992,226.70501708984375,57,58,0.9827586037455414,3.0
2844.5498065277934,213.34002304077148,76,76,0.9999999868421054,3.0
3432.4965214133263,234.61138916015625,67,72,0.930555542631173,3.0
3543.0460689766333,238.92458724975586,64,72,0.88888887654321,3.0
2793.2953860899433,211.5417709350586,64,67,0.9552238663399424,3.0
3196.7965433597565,226.25244140625,60,56,1.0714285522959188,3.0
3169.713627556339,225.89471054077148,56,64,0.8749999863281253,3.0
3361.3445858638734,232.09424591064453,66,70,0.9428571293877553,3.0
4061.418455509469,255.0784912109375,66,71,0.9295774516960923,3.0
2731.1285811662674,209.13035583496094,74,73,1.013698616250704,3.0
3142.489624461159,224.33905029296875,56,59,0.9491525262855505,3.0
3814.1640972420573,247.3635025024414,84,82,1.0243902314098752,3.0
2497.8287946330383,200.0566864013672,67,65,1.0307692149112428,3.0
3739.003320917487,244.73529815673828,87,87,0.9999999885057473,3.0
2949.837968479842,217.2507095336914,75,75,0.9999999866666669,3.0
3934.133021734655,251.08517837524414,66,70,0.9428571293877553,3.0
3238.5950243100524,227.67748260498047,63,65,0.9692307543195269,3.0
3095.579101148993,223.86431884765625,79,73,1.0821917659973732,3.0
2895.7998272031546,215.3298225402832,74,76,0.9736841977146816,3.0
2928.509768217802,216.64608764648438,75,73,1.0273972462000378,3.0
3898.0145122222602,249.76265716552734,89,89,0.9999999887640451,3.0
3120.6671233922243,223.62696075439453,79,77,1.0259740126496881,3.0
1749.959343597293,169.2754669189453,56,47,1.1914893363512908,3.0
3147.1322114393115,224.5412826538086,57,61,0.9344262141897343,3.0
2876.650016458705,214.62434768676758,57,59,0.9661016785406495,3.0
3234.047937389463,228.09739685058594,75,69,1.0869565059861377,3.0
2388.7047674953938,198.8865509033203,70,59,1.186440657856938,3.0
2912.9460961148143,215.90147399902344,75,75,0.9999999866666669,3.0
3332.6216711848974,231.1983413696289,83,82,1.0121951096073767,3.0
3570.0772781502455,239.00522232055664,79,78,1.0128204998356347,3.0
3542.7954722195864,238.34976196289062,82,80,1.0249999871875002,3.0
4475.083700772375,267.67364501953125,96,96,0.9999999895833335,3.0
2200.5608529038727,188.74330139160156,62,54,1.1481481268861458,3.0
3952.2475259006023,251.606201171875,62,66,0.9393939251606981,3.0
3478.3873855946586,235.97644424438477,83,82,1.0121951096073767,3.0
3402.852882763371,233.55572509765625,57,62,0.9193548238813738,3.0
2485.1705586668104,199.47423934936523,70,68,1.0294117495674744,3.0
3895.7486143410206,250.11596298217773,86,83,1.0361445658295836,3.0
4183.4895295389,258.7196502685547,91,92,0.9891304240311911,3.0
3510.095076546073,237.12162399291992,85,85,0.9999999882352942,3.0
3170.0332932174206,226.2014389038086,79,76,1.0394736705332412,3.0
3152.086417426355,224.81698608398438,76,78,0.9743589618671928,3.0
3060.01519061625,221.57209014892578,65,70,0.9285714153061226,3.0
3516.525223851204,237.262939453125,61,59,1.033898287561046,3.0
3156.080072812736,224.72283172607422,58,59,0.9830508307957486,3.0
3051.3506886893883,220.97101593017578,79,79,0.9999999873417723,3.0
3353.7164723947644,232.07967376708984,82,79,1.037974670405384,3.0
3270.3823572145775,228.90160369873047,81,80,1.0124999873437501,3.0
3594.265632517636,239.92276000976562,82,80,1.0249999871875002,3.0
3469.920093398541,235.64129638671875,59,61,0.967213098898146,3.0
2786.555848473683,211.15157318115234,75,75,0.9999999866666669,3.0
3416.8234345372766,233.92971420288086,63,66,0.9545454400826449,3.0
3662.310145713389,242.2806739807129,61,66,0.9242424102387514,3.0
2925.248031489551,216.43265533447266,56,58,0.9655172247324617,3.0
3189.1545772366226,227.21488189697266,79,73,1.0821917659973732,3.0
2174.609229616821,190.07406616210938,67,56,1.196428550063776,3.0
3265.8531013280153,229.06122589111328,57,64,0.8906249860839847,3.0
3179.0328189767897,225.83881759643555,57,64,0.8906249860839847,3.0
2109.7751959953457,184.98085021972656,60,53,1.1320754503381991,3.0
3793.5909737264737,246.7865333557129,86,88,0.9772727161673556,3.0
3196.591539225541,226.2884635925293,59,62,0.9516128878772115,3.0
3473.2732288790867,236.03121948242188,82,80,1.0249999871875002,3.0
3498.688538717106,236.7127799987793,84,84,0.9999999880952383,3.0
3225.474137334153,227.43886184692383,77,74,1.040540526479182,3.0
3130.3920814543962,223.8312530517578,80,80,0.9999999875000002,3.0
3153.5726515557617,225.4783821105957,78,74,1.0540540398100806,3.0
3060.2800115710124,221.4469337463379,79,79,0.9999999873417723,3.0
3257.4489190131426,228.39501953125,56,60,0.9333333177777781,3.0
2995.77450864017,219.09681701660156,78,77,1.0129869998313377,3.0
2925.4246244058013,216.49350357055664,76,75,1.0133333198222225,3.0
3109.4161562416703,223.3925437927246,57,62,0.9193548238813738,3.0
2995.5294285221025,219.30122756958008,68,72,0.9444444313271607,3.0
3369.0519531667233,232.18012237548828,61,61,0.9999999836065577,3.0
3306.5471867397428,231.30541229248047,80,74,1.0810810664718775,3.0
3167.0547844003886,225.19428634643555,79,80,0.9874999876562501,3.0
3060.7574072899297,221.2979736328125,61,60,1.0166666497222225,3.0
3079.010113488883,222.0491485595703,77,76,1.0131578814058173,3.0
2966.8203586786985,218.50226593017578,76,72,1.0555555408950619,3.0
3682.505176112056,242.93212127685547,86,87,0.9885057357643019,3.0
3047.4230708023533,220.90036010742188,76,74,1.0270270131482837,3.0
3425.9553925432265,234.2717514038086,84,83,1.0120481805777328,3.0
3227.7402971088886,228.34832382202148,80,75,1.0666666524444446,3.0
3080.7711195498705,222.30252838134766,75,77,0.9740259613762863,3.0
3227.4698882568628,227.2588653564453,76,75,1.0133333198222225,3.0
3244.416956245899,228.1117706298828,82,81,1.012345666514251,3.0
2788.511510029435,211.2289047241211,74,74,0.9999999864864867,3.0
3352.38983460702,232.42519760131836,57,66,0.8636363505509644,3.0
3310.478671617806,230.29445266723633,62,58,1.0689654988109398,3.0
2920.6934899650514,216.5283546447754,62,68,0.9117646924740487,3.0
3457.479834832251,235.56457901000977,81,78,1.0384615251479292,3.0
3040.2686295378953,220.83576202392578,62,67,0.9253731205168191,3.0
3368.7961933016777,232.17268753051758,61,60,1.0166666497222225,3.0
3267.4351106239483,228.82519912719727,66,70,0.9428571293877553,3.0
3051.764555938542,220.97161102294922,59,59,0.9999999830508478,3.0
3255.0142975971103,228.30092239379883,79,79,0.9999999873417723,3.0
3442.434528976679,235.00061416625977,83,81,1.024691345374181,3.0
3981.992002353072,252.4210205078125,63,65,0.9692307543195269,3.0
4297.127494666725,262.2157287597656,94,94,0.9999999893617023,3.0
2109.423933075741,185.62791442871094,61,52,1.173076900517752,3.0
4146.358150526881,257.69512939453125,90,88,1.0227272611053722,3.0
3643.783776257187,241.50370025634766,76,78,0.9743589618671928,3.0
3204.7215429246426,226.67752075195312,81,80,1.0124999873437501,3.0
2978.675701463595,218.40632247924805,57,60,0.949999984166667,3.0
3682.086505521089,243.38966369628906,80,73,1.095890395946707,3.0
3236.551344178617,228.57215881347656,78,71,1.0985915338226544,3.0
2545.96382201463,203.79002380371094,70,73,0.9589040964533686,3.0
3187.2855739519,226.23909759521484,56,62,0.903225791883455,3.0
3142.407237302512,224.5634765625,62,67,0.9253731205168191,3.0
3800.4394260477275,247.45906829833984,62,71,0.8732394243205716,3.0
3740.2331612333655,245.11131286621094,62,69,0.8985507116152072,3.0
3109.8990568108857,223.37957382202148,63,68,0.9264705746107269,3.0
3502.7146418206394,236.78857421875,61,59,1.033898287561046,3.0
2935.869581334293,216.9174575805664,56,61,0.9180327718355283,3.0
2416.300752438605,200.2504005432129,71,60,1.1833333136111115,3.0
3066.2647353503853,222.37883377075195,75,70,1.0714285561224492,3.0
3157.8688695542514,225.25,55,62,0.8870967598855362,3.0
3455.59239782393,235.7021484375,60,68,0.8823529282006922,3.0
2806.329277344048,212.0480194091797,55,60,0.9166666513888891,3.0
2948.691090028733,219.35789489746094,75,65,1.1538461360946748,3.0
2371.145687416196,198.01905059814453,70,59,1.186440657856938,3.0
3097.853460624814,222.67425537109375,78,79,0.9873417596539018,3.0
2727.9270974844694,209.01976013183594,73,73,0.9999999863013701,3.0
2970.7484024986625,218.49373626708984,67,72,0.930555542631173,3.0
3261.1898310147226,228.45770263671875,60,59,1.016949135305947,3.0
3248.530410774052,228.2616424560547,82,82,0.9999999878048782,3.0
3046.762333471328,222.1302261352539,79,74,1.067567553140979,3.0
2907.039303779602,215.8230438232422,77,77,0.9999999870129872,3.0
2717.5843535214663,208.75446701049805,56,60,0.9333333177777781,3.0
2193.7539291530848,195.45413208007812,71,53,1.3396226162335356,3.0
2572.462104409933,207.52050018310547,72,55,1.3090908852892567,3.0
3453.084832029417,235.05596923828125,60,59,1.016949135305947,3.0
3305.5279313735664,229.97970581054688,82,83,0.9879517953258821,3.0
2710.4666282460093,208.24905014038086,74,73,1.013698616250704,3.0
3557.804059032351,239.03641891479492,61,68,0.8970588103373704,3.0
3321.1071499558166,231.39124298095703,57,67,0.8507462559590111,3.0
3637.0698379855603,241.30864715576172,86,86,0.9999999883720931,3.0
3202.013644127175,227.28718948364258,80,76,1.052631565096953,3.0
3262.2549261264503,228.58788299560547,76,78,0.9743589618671928,3.0
2561.8813066259027,202.47601318359375,71,70,1.0142856997959186,3.0
2163.0214059669524,186.84815979003906,60,54,1.11111109053498,3.0
3695.2368441242725,243.5041961669922,86,88,0.9772727161673556,3.0
3066.8803928066045,222.00707244873047,56,63,0.8888888747795417,3.0
3223.8479699259624,227.44768905639648,79,77,1.0259740126496881,3.0
3466.1151739880443,235.79415893554688,83,81,1.024691345374181,3.0
3178.325749799609,225.7839126586914,81,80,1.0124999873437501,3.0
3161.621552426368,226.0040054321289,79,74,1.067567553140979,3.0
3175.689450222999,225.54332733154297,75,77,0.9740259613762863,3.0
2793.6246986351907,211.5044403076172,74,73,1.013698616250704,3.0
3265.6956623755395,228.8994598388672,58,63,0.9206349060216682,3.0
3248.1051109377295,228.08599472045898,64,67,0.9552238663399424,3.0
3544.152399890125,239.55249786376953,60,72,0.8333333217592594,3.0
3250.316821195185,228.44071197509766,63,68,0.9264705746107269,3.0
3305.5722617292777,230.09668350219727,81,80,1.0124999873437501,3.0
1948.5986259263009,177.80391311645508,57,49,1.1632652823823413,3.0
3895.872439663857,249.88101196289062,89,89,0.9999999887640451,3.0
3425.3834898965433,234.1775360107422,60,62,0.9677419198751304,3.0
3188.6468358468264,226.21142959594727,79,77,1.0259740126496881,3.0
3144.22122666426,224.98923873901367,78,73,1.0684931360480392,3.0
3259.8419054560363,228.51158142089844,79,80,0.9874999876562501,3.0
3082.823005503975,222.27680206298828,64,60,1.0666666488888892,3.0
2845.1691930256784,213.73323822021484,58,63,0.9206349060216682,3.0
2472.4559766091406,201.97952270507812,71,60,1.1833333136111115,3.0
3065.2751832045615,223.23015594482422,76,68,1.1176470423875435,3.0
3145.228193499148,225.12874603271484,80,81,0.9876543087943913,3.0
3415.8909929282963,233.900634765625,58,61,0.9508196565439401,3.0
2850.7121464544907,213.6923713684082,76,76,0.9999999868421054,3.0
3226.4089681617916,227.20635986328125,58,58,0.999999982758621,3.0
2912.0831686658785,215.8703155517578,76,76,0.9999999868421054,3.0
5183.148648876697,288.30455017089844,78,84,0.928571417517007,3.0
4181.90213756077,258.75274658203125,64,68,0.9411764567474051,3.0
3448.983935231343,235.2228889465332,60,66,0.9090908953168046,3.0
3200.0531279621646,226.55028915405273,64,68,0.9411764567474051,3.0
3291.8485568724573,229.52517318725586,60,62,0.9677419198751304,3.0
2252.6680986676365,191.50160598754883,64,55,1.1636363424793392,3.0
3755.6604874543846,245.6056365966797,87,88,0.9886363524018597,3.0
3289.368632102385,229.74009704589844,58,63,0.9206349060216682,3.0
3778.7646259656176,246.22036361694336,85,82,1.0365853532123739,3.0
3444.7729661446065,234.87315368652344,79,77,1.0259740126496881,3.0
3219.92390645016,227.05661010742188,81,81,0.9999999876543212,3.0
3214.926380192861,226.80657958984375,58,59,0.9830508307957486,3.0
3250.439211079851,228.05062103271484,81,81,0.9999999876543212,3.0
3218.2274414896965,226.918212890625,57,58,0.9827586037455414,3.0
3062.1418847208843,221.34782028198242,79,79,0.9999999873417723,3.0
3403.9187077730894,233.41647338867188,64,66,0.9696969550045916,3.0
3752.3939270647243,245.46058654785156,61,67,0.9104477476052575,3.0
3441.534512532875,234.93425369262695,83,84,0.9880952263321997,3.0
3121.6719546616077,224.20664978027344,79,74,1.067567553140979,3.0
3153.6287571042776,224.80962371826172,80,79,1.0126582150296428,3.0
3032.86200080812,220.33799743652344,69,70,0.9857142716326533,3.0
3444.730549445376,234.95825958251953,65,60,1.0833333152777782,3.0
2971.0427720323205,218.3544692993164,59,64,0.9218749855957034,3.0
3361.9073248170316,237.03490447998047,81,63,1.2857142653061229,3.0
2604.605890640989,208.54696655273438,72,58,1.2413792889417365,3.0
2962.536434194073,217.8200454711914,67,69,0.9710144786809496,3.0
3327.6191919893026,230.7888526916504,61,59,1.033898287561046,3.0
3276.1093364544213,229.12331008911133,58,64,0.906249985839844,3.0
3443.202996077016,234.73854446411133,84,84,0.9999999880952383,3.0
3074.0758295785636,222.54164123535156,78,74,1.0540540398100806,3.0
3183.3632234446704,225.7603759765625,74,72,1.0277777635030867,3.0
2946.598121840507,217.1368522644043,77,77,0.9999999870129872,3.0
3380.560939460993,232.69347381591797,64,67,0.9552238663399424,3.0
3582.248859496787,239.74342346191406,61,67,0.9104477476052575,3.0
3183.3762035518885,225.71826171875,57,58,0.9827586037455414,3.0
3008.8110761148855,219.41643524169922,77,78,0.9871794745233401,3.0
2622.177377190441,204.92627334594727,55,58,0.9482758457193821,3.0
3497.2986201383173,236.9959487915039,80,75,1.0666666524444446,3.0
3579.227001450956,239.91239166259766,77,70,1.0999999842857147,3.0
3204.7310141082853,226.45483016967773,75,74,1.0135134998173851,3.0
2968.498566441238,217.94402313232422,77,77,0.9999999870129872,3.0
3006.4987235553563,219.55889892578125,58,63,0.9206349060216682,3.0
3333.0725805573165,236.3910140991211,82,64,1.281249979980469,3.0
2039.0514739863575,189.32986068725586,70,52,1.3461538202662728,3.0
3263.703274477273,228.5345115661621,61,62,0.9838709518730492,3.0
3403.0321788415313,233.84864807128906,78,73,1.0684931360480392,3.0
3893.385643430054,250.3921356201172,83,76,1.092105248788089,3.0
3129.3143729791045,224.21568298339844,56,63,0.8888888747795417,3.0
3159.220304735005,224.8287811279297,60,61,0.9836065412523518,3.0
2848.231649212539,213.54847717285156,54,57,0.9473684044321333,3.0
3303.582868510857,230.77948760986328,79,73,1.0821917659973732,3.0
2508.222730640322,203.9760513305664,72,60,1.1999999800000003,3.0
3658.6096564214677,241.9765739440918,66,68,0.9705882210207615,3.0
3895.2964127790183,250.18445205688477,64,72,0.88888887654321,3.0
3614.7618220821023,240.76366424560547,83,81,1.024691345374181,3.0
2907.6449442505836,216.19504165649414,65,70,0.9285714153061226,3.0
3519.1348267178982,237.2920036315918,79,78,1.0128204998356347,3.0
3168.4718398936093,225.26371002197266,80,79,1.0126582150296428,3.0
2554.9158676452935,203.7540626525879,72,73,0.9863013563520362,3.0
3020.7758735399693,219.84829711914062,78,78,0.9999999871794873,3.0
3404.52076202631,233.41371154785156,75,75,0.9999999866666669,3.0
3324.133734980598,231.23116302490234,56,65,0.8615384482840239,3.0
3085.4113245904446,222.208740234375,56,57,0.9824561231148049,3.0
3029.922997003421,220.22371673583984,79,78,1.0128204998356347,3.0
3330.183202639222,231.64116287231445,59,69,0.8550724513757616,3.0
3513.601209051907,237.3553009033203,84,82,1.0243902314098752,3.0
3671.2675788104534,242.690673828125,61,67,0.9104477476052575,3.0
4131.599369086325,257.3226318359375,63,68,0.9264705746107269,3.0
3194.074553013779,226.59295272827148,80,77,1.0389610254680386,3.0
4635.592189108953,272.95497131347656,94,90,1.0444444328395064,3.0
4705.267149278894,274.529541015625,98,98,0.9999999897959185,3.0
2906.0098418220878,216.40700149536133,65,71,0.9154929448522121,3.0
3417.9091677423567,233.92061233520508,65,67,0.970149239251504,3.0
3801.5424962835386,247.05463027954102,64,70,0.91428570122449,3.0
2787.647569961846,211.2726287841797,74,74,0.9999999864864867,3.0
2953.929497588426,217.43513107299805,78,77,1.0129869998313377,3.0
2757.2686578817666,210.0648956298828,70,69,1.014492738920395,3.0
3148.387399956584,224.93891143798828,55,63,0.8730158591584785,3.0
3061.059683145955,221.63628005981445,77,73,1.0547945060987054,3.0
3478.455080801621,235.9599380493164,84,84,0.9999999880952383,3.0
3171.4820862328634,225.46537399291992,69,72,0.9583333200231484,3.0
3586.2501337975264,239.5428009033203,64,64,0.9999999843750003,3.0
3786.4466963261366,246.27239990234375,68,71,0.9577464653838527,3.0
3998.6034971363842,253.00970458984375,64,67,0.9552238663399424,3.0
3123.2621712870896,223.547607421875,56,57,0.9824561231148049,3.0
2911.294453254901,215.9034881591797,77,77,0.9999999870129872,3.0
2802.39674679935,211.99712371826172,55,60,0.9166666513888891,3.0
2477.827744502574,203.25934982299805,72,60,1.1999999800000003,3.0
3115.7688845060766,223.99371719360352,74,67,1.1044775954555583,3.0
3211.117616057396,226.671142578125,57,58,0.9827586037455414,3.0
3000.1823692917824,219.095703125,78,78,0.9999999871794873,3.0
3438.842235106975,235.1705551147461,83,80,1.0374999870312502,3.0
3578.5312547124922,239.54064178466797,65,70,0.9285714153061226,3.0
3784.7356759998947,246.67727661132812,62,71,0.8732394243205716,3.0
3572.1242071855813,239.14498138427734,61,63,0.9682539528848579,3.0
3512.833735713735,237.2353515625,83,82,1.0121951096073767,3.0
4164.259978298098,258.26901626586914,91,92,0.9891304240311911,3.0
2009.1605303939432,180.5834846496582,59,51,1.1568627224144565,3.0
3205.0958775803447,227.31433868408203,57,66,0.8636363505509644,3.0
3329.148782901466,230.90217208862305,62,65,0.9538461391715979,3.0
2950.5489547830075,217.4927749633789,67,71,0.9436619585399725,3.0
3421.7380502969027,233.9862060546875,59,60,0.9833333169444448,3.0
2718.5816326308995,208.8044891357422,54,58,0.9310344667063023,3.0
2882.7293104231358,215.14085388183594,73,69,1.0579709991598407,3.0
1887.250660708174,176.33975219726562,61,52,1.173076900517752,3.0
2857.347929926589,214.35192108154297,62,68,0.9117646924740487,3.0
3411.145296033472,233.7568359375,62,58,1.0689654988109398,3.0
3333.017642688006,230.9755859375,83,83,0.9999999879518074,3.0
3252.7703824937344,228.82019805908203,79,76,1.0394736705332412,3.0
2940.4701177999377,216.9555206298828,69,70,0.9857142716326533,3.0
3190.0457933228463,226.63618850708008,54,64,0.8437499868164064,3.0
3079.314497895539,222.2017822265625,54,60,0.8999999850000003,3.0
2309.400008178316,192.28585052490234,67,66,1.0151514997704318,3.0
3805.3459190139547,247.1929168701172,84,80,1.0499999868750003,3.0
3678.8845525290817,242.76083374023438,86,86,0.9999999883720931,3.0
3309.926794378087,230.46996307373047,82,79,1.037974670405384,3.0
2063.0670035667717,183.40226364135742,61,52,1.173076900517752,3.0
3405.58071628958,233.48123931884766,59,62,0.9516128878772115,3.0
4042.3909614384174,254.68011474609375,88,90,0.9777777669135804,3.0
3435.7234337590635,234.521484375,58,61,0.9508196565439401,3.0
2746.0246426053345,210.12123107910156,73,68,1.073529395977509,3.0
4077.600329602137,255.8358154296875,88,84,1.0476190351473924,3.0
3945.2625037133694,251.25055694580078,89,89,0.9999999887640451,3.0
3226.3094075396657,227.4681396484375,55,61,0.9016393294813225,3.0
2676.169944919646,207.54490661621094,70,66,1.0606060445362722,3.0
4024.995757371187,254.27252197265625,87,83,1.048192758455509,3.0
3760.806833839044,245.46531677246094,87,87,0.9999999885057473,3.0
2723.767673611641,208.87743377685547,73,72,1.013888874807099,3.0
3286.6773479394615,229.3711166381836,59,62,0.9516128878772115,3.0
2477.79575651139,199.5273208618164,68,64,1.0624999833984379,3.0
3757.4245688021183,245.81736755371094,85,80,1.0624999867187501,3.0
3884.487104252912,249.3026885986328,89,88,1.011363624870868,3.0
3562.5140433143824,238.8038558959961,69,71,0.9718309722277328,3.0
4275.537778059021,261.7582130432129,71,75,0.9466666540444446,3.0
3099.8604755476117,223.58028411865234,79,74,1.067567553140979,3.0
2912.341829274781,215.98044967651367,64,60,1.0666666488888892,3.0
3344.9265416786075,231.78891372680664,83,82,1.0121951096073767,3.0
3455.9431817531586,235.2435302734375,61,58,1.05172411979786,3.0
2982.5359171787277,218.64093780517578,63,66,0.9545454400826449,3.0
2906.30351373367,215.83741760253906,76,74,1.0270270131482837,3.0
3793.3402960300446,246.78761291503906,85,82,1.0365853532123739,3.0
3318.364452920854,230.54364013671875,57,61,0.9344262141897343,3.0
2305.245272516273,193.6022186279297,65,58,1.1206896358501788,3.0
4083.1106141470373,255.76696014404297,90,92,0.9782608589319473,3.0
2952.144445620477,217.62731552124023,55,60,0.9166666513888891,3.0
3597.2334350943565,239.97391510009766,69,71,0.9718309722277328,3.0
3776.2491070739925,246.48034286499023,65,73,0.8904109467066994,3.0
2983.82506685704,219.73239135742188,77,71,1.0845070269787742,3.0
2879.79702324979,214.70132446289062,64,62,1.0322580478668058,3.0
3443.173437077552,235.34930038452148,84,84,0.9999999880952383,3.0
3058.4521551057696,221.37792205810547,79,79,0.9999999873417723,3.0
3384.75261143595,232.71693801879883,75,75,0.9999999866666669,3.0
3271.4190661478788,228.78646087646484,74,74,0.9999999864864867,3.0
3129.5848657516763,223.89011001586914,80,80,0.9999999875000002,3.0
3012.1522884592414,219.69794464111328,63,66,0.9545454400826449,3.0
3552.0140451565385,238.5220947265625,62,59,1.0508474398161451,3.0
3899.090085973963,249.9262466430664,66,70,0.9428571293877553,3.0
3548.6219240017235,238.29525756835938,66,65,1.015384599763314,3.0
2975.877847544849,218.89604568481445,59,66,0.8939393803948579,3.0
3448.749269613996,234.90664672851562,63,63,0.9999999841269844,3.0
3305.9352463558316,230.01570892333984,76,75,1.0133333198222225,3.0
3062.5750126438215,221.47003936767578,80,79,1.0126582150296428,3.0
3734.730270007625,245.1783332824707,86,82,1.0487804750148724,3.0
3243.722545776516,227.98226165771484,57,61,0.9344262141897343,3.0
3234.1492921020836,228.24142456054688,57,66,0.8636363505509644,3.0
3143.9486998543143,224.7715721130371,79,77,1.0259740126496881,3.0
3776.4657531790435,245.87935638427734,86,87,0.9885057357643019,3.0
1924.5648196507245,177.4279670715332,59,48,1.2291666410590283,3.0
3288.030679842457,229.38859939575195,59,61,0.967213098898146,3.0
3394.4038492441177,233.2933349609375,62,56,1.1071428373724495,3.0
3159.9424870349467,225.00040817260742,70,72,0.972222208719136,3.0
2908.3926130551845,222.21052169799805,78,60,1.2999999783333338,3.0
1999.5747386142612,185.87703704833984,67,49,1.3673469108704712,3.0
3035.90308220312,220.63851928710938,58,64,0.906249985839844,3.0
2656.3102127350867,206.20459747314453,54,57,0.9473684044321333,3.0
3414.7387975752354,235.18274688720703,80,72,1.1111110956790127,3.0
2757.1956704799086,211.99133682250977,73,65,1.1230769057988168,3.0
2888.056496936828,215.27258682250977,56,61,0.9180327718355283,3.0
2520.6186040863395,203.64454650878906,71,60,1.1833333136111115,3.0
3122.6873137690127,224.7137451171875,76,70,1.0857142702040818,3.0
3536.204675222747,238.51451110839844,59,67,0.8805970017821343,3.0
2747.8846713025123,209.77448654174805,55,58,0.9482758457193821,3.0
2768.350502256304,211.50621795654297,72,66,1.0909090743801655,3.0
2289.316003728658,193.89571380615234,68,59,1.1525423533467398,3.0
3206.5214606933296,227.07093811035156,56,64,0.8749999863281253,3.0
3241.9294363558292,227.92493438720703,71,73,0.9726027264027024,3.0
3867.637584041804,248.82742309570312,66,64,1.031249983886719,3.0
3698.878235850483,243.280029296875,62,63,0.9841269685059212,3.0
3563.0223504882306,238.9878921508789,85,84,1.0119047498582767,3.0
3458.7676494196057,235.3532485961914,84,84,0.9999999880952383,3.0
3011.1454918645322,220.77127075195312,78,74,1.0540540398100806,3.0
3069.8451880412176,221.6409568786621,75,75,0.9999999866666669,3.0
3366.359139457345,232.9832534790039,83,79,1.0506328980932544,3.0
3318.3558649122715,230.484130859375,60,57,1.0526315604801482,3.0
3147.114337365143,224.63428115844727,66,70,0.9428571293877553,3.0
3540.703565377742,238.12353134155273,68,71,0.9577464653838527,3.0
3947.167620138265,251.79393005371094,64,72,0.88888887654321,3.0
2723.8176652379334,208.78898239135742,74,73,1.013698616250704,3.0
2889.9384857043624,215.0901107788086,76,75,1.0133333198222225,3.0
3567.511192508042,239.10245513916016,83,81,1.024691345374181,3.0
2954.4813194535673,217.72144317626953,64,68,0.9411764567474051,3.0
3394.896175727248,233.203125,61,57,1.070175419821484,3.0
3726.0647086538374,244.18993377685547,67,69,0.9710144786809496,3.0
4081.4116154946387,256.10791015625,67,74,0.9054053931701974,3.0
2898.9496999271214,215.37744522094727,59,60,0.9833333169444448,3.0
2299.4518278632313,202.4680519104004,75,53,1.415094312922749,3.0
1359.105630626902,168.30241203308105,67,42,1.5952380572562368,3.0
1821.6421902142465,180.28044509887695,66,47,1.4042552892711642,3.0
3254.7422321252525,228.22370529174805,63,65,0.9692307543195269,3.0
3811.152855535038,247.4469337463379,64,71,0.9014084380083319,3.0
2926.744134509936,216.44183731079102,58,60,0.9666666505555559,3.0
3127.3837929032743,228.83736419677734,79,61,1.2950819459822633,3.0
2142.968732714653,192.204833984375,70,54,1.2962962722908098,3.0
3466.946889492683,235.6728401184082,84,82,1.0243902314098752,3.0
3507.6871064715087,236.90344619750977,78,77,1.0129869998313377,3.0
2806.573693715036,212.09774780273438,55,59,0.9322033740304513,3.0
3256.4855783060193,228.7197494506836,76,71,1.070422520134894,3.0
2461.1045258622617,201.9081153869629,71,60,1.1833333136111115,3.0
3209.322292622179,226.6689453125,56,59,0.9491525262855505,3.0
3100.151854556985,222.71843338012695,79,79,0.9999999873417723,3.0
3367.959052115679,232.22381591796875,58,61,0.9508196565439401,3.0
2763.76545320265,210.33437728881836,75,75,0.9999999866666669,3.0
3267.2370183058083,228.83446502685547,63,59,1.0677965920712442,3.0
2991.3057764731348,218.91400146484375,68,70,0.9714285575510206,3.0
3513.1163190882653,237.7148208618164,58,67,0.8656716288705727,3.0
3145.4724097866565,224.36358642578125,57,58,0.9827586037455414,3.0
3017.1488313619047,219.7571792602539,78,78,0.9999999871794873,3.0
3166.152807340026,225.1261215209961,80,80,0.9999999875000002,3.0
3113.3605630919337,224.47731399536133,79,73,1.0821917659973732,3.0
3220.7199873197824,227.04586791992188,73,74,0.9864864731555882,3.0
2551.0447156466544,204.0789337158203,72,74,0.9729729598246898,3.0
3217.1415179912,227.946533203125,55,65,0.8461538331360949,3.0
2970.2008013594896,218.48254013061523,68,73,0.9315068365547009,3.0
3609.98325163126,240.3369140625,61,61,0.9999999836065577,3.0
3427.1226040311158,234.1673240661621,77,77,0.9999999870129872,3.0
2989.919940477237,218.82463836669922,78,78,0.9999999871794873,3.0
3233.876239847392,227.54636001586914,57,60,0.949999984166667,3.0
3066.0599963255227,221.50377655029297,79,79,0.9999999873417723,3.0
3521.440297663212,237.37928009033203,84,85,0.9882352824913496,3.0
3149.741822583601,224.8611717224121,78,75,1.0399999861333336,3.0
2755.197972050868,210.08583450317383,74,74,0.9999999864864867,3.0
3092.6725386679173,223.08248138427734,66,73,0.9041095766560332,3.0
3415.0702242851257,233.7763671875,60,58,1.0344827407847803,3.0
3156.374597718939,224.74239349365234,59,58,1.0172413617717007,3.0
3101.587194511667,222.7694206237793,79,79,0.9999999873417723,3.0
3178.361765285954,225.56524658203125,56,59,0.9491525262855505,3.0
3890.0422061681747,250.10602188110352,86,81,1.0617283819539707,3.0
2519.6880135331303,201.60877227783203,70,66,1.0606060445362722,3.0
3889.5816771481186,249.55834197998047,89,88,1.011363624870868,3.0
2628.8416727576405,205.24795532226562,54,58,0.9310344667063023,3.0
4410.872061396018,265.74510955810547,84,82,1.0243902314098752,3.0
3299.8787480145693,230.19995880126953,75,71,1.0563380132910138,3.0
3402.463399913162,233.41839599609375,84,84,0.9999999880952383,3.0
3072.6718473918736,223.22372436523438,78,73,1.0684931360480392,3.0
3052.5897282734513,221.1282081604004,74,76,0.9736841977146816,3.0
3077.810076355934,222.1058120727539,66,69,0.9565217252678011,3.0
3147.942921858281,224.42666625976562,60,61,0.9836065412523518,3.0
3287.556676827371,230.09399032592773,57,65,0.8769230634319529,3.0
3400.772512052208,233.50423049926758,80,79,1.0126582150296428,3.0
3363.2489178385586,232.03003692626953,82,81,1.012345666514251,3.0
3524.2406933214515,237.46266555786133,80,79,1.0126582150296428,3.0
3307.7849765121937,230.09688568115234,64,66,0.9696969550045916,3.0
3741.029441221617,245.49887466430664,63,72,0.8749999878472224,3.0
3323.7426880877465,231.16594314575195,57,65,0.8769230634319529,3.0
3267.3442630022764,228.6558380126953,82,81,1.012345666514251,3.0
3049.4304376915097,221.82215881347656,77,73,1.0547945060987054,3.0
2965.6699733249843,217.8623809814453,78,78,0.9999999871794873,3.0
3065.4549265885726,221.82886123657227,64,69,0.9275362184415041,3.0
3310.367094811052,230.4619140625,62,56,1.1071428373724495,3.0
3312.05675926432,231.14939880371094,78,71,1.0985915338226544,3.0
2603.590117605403,207.50640869140625,73,62,1.1774193358480753,3.0
2885.5783686190844,215.07720184326172,54,58,0.9310344667063023,3.0
2574.2267961725593,203.0204620361328,72,73,0.9863013563520362,3.0
3515.3391890022904,237.17600631713867,77,77,0.9999999870129872,3.0
2975.8083444191143,218.20931243896484,78,78,0.9999999871794873,3.0
2905.3320853132755,215.60567092895508,77,77,0.9999999870129872,3.0
3155.7284080274403,224.89508056640625,55,60,0.9166666513888891,3.0
3375.121816262603,232.4325408935547,81,79,1.0253164427175134,3.0
2937.8665450811386,218.78865432739258,77,69,1.1159420128124347,3.0
2980.6381808780134,218.39035034179688,61,60,1.0166666497222225,3.0
3296.3307971656322,229.7218017578125,82,82,0.9999999878048782,3.0
3296.2344737630337,229.74610137939453,63,65,0.9692307543195269,3.0
3296.9022084511817,233.7001724243164,80,66,1.2121211937557395,3.0
2239.9881893098354,202.50662994384766,77,55,1.399999974545455,3.0
3088.961497552693,222.32157135009766,76,76,0.9999999868421054,3.0
3258.254953660071,228.48259735107422,81,81,0.9999999876543212,3.0
3742.6532519236207,245.07376098632812,85,82,1.0365853532123739,3.0
3216.098394215107,226.8603515625,74,74,0.9999999864864867,3.0
2989.412958377041,218.7798957824707,78,78,0.9999999871794873,3.0
3305.018354859203,229.9892578125,58,60,0.9666666505555559,3.0
3681.646486096084,243.10806274414062,84,80,1.0499999868750003,3.0
2381.0052185039967,195.6846466064453,68,64,1.0624999833984379,3.0
3919.8434394011274,250.43461227416992,89,90,0.9888888779012347,3.0
2947.1572393458337,217.2776985168457,55,59,0.9322033740304513,3.0
3487.2487591337413,236.9900779724121,80,74,1.0810810664718775,3.0
2464.444826196879,202.16940307617188,71,60,1.1833333136111115,3.0
3142.926927926019,224.62445068359375,56,61,0.9180327718355283,3.0
3080.9628824237734,222.53778457641602,64,70,0.91428570122449,3.0
3413.8215190079063,233.85498046875,62,58,1.0689654988109398,3.0
3617.3552734404802,240.71461486816406,61,65,0.9384615240236689,3.0
3398.830017687753,233.27086639404297,64,66,0.9696969550045916,3.0
3166.887641645968,225.50233459472656,63,68,0.9264705746107269,3.0
3542.7113326862454,238.1071014404297,64,63,1.0158729997480476,3.0
3850.649337209761,248.6656723022461,69,75,0.9199999877333336,3.0
4188.024023567326,259.08978271484375,70,75,0.9333333208888891,3.0
3594.759868685156,239.82736206054688,81,81,0.9999999876543212,3.0
2768.7185899168253,210.80528259277344,76,75,1.0133333198222225,3.0
3227.834843624383,227.464599609375,56,60,0.9333333177777781,3.0
2840.234708607197,213.1774787902832,74,74,0.9999999864864867,3.0
2987.814444489777,218.6580810546875,55,57,0.9649122637734691,3.0
2995.7836754508317,218.9367332458496,77,78,0.9871794745233401,3.0
3327.23615270108,231.43295288085938,82,78,1.0512820378040764,3.0
3747.73083187826,244.9141731262207,68,70,0.9714285575510206,3.0
4000.203690622933,253.7271957397461,65,75,0.8666666551111113,3.0
3625.4135162234306,240.85437774658203,65,66,0.9848484699265384,3.0
3656.8371459254995,242.04497909545898,60,65,0.9230769088757399,3.0
3574.844103768468,239.37649154663086,86,86,0.9999999883720931,3.0
3205.4346463941038,227.33799743652344,80,75,1.0666666524444446,3.0
2836.7048287801445,213.71374893188477,74,76,0.9736841977146816,3.0
2785.07092410326,211.23761367797852,56,59,0.9491525262855505,3.0
3194.8833693470806,229.2152976989746,78,64,1.2187499809570317,3.0
1781.9463874846697,179.28674125671387,67,46,1.4565217074669194,3.0
3510.5093865841627,237.37570571899414,83,81,1.024691345374181,3.0
3252.217168313451,228.34408569335938,65,69,0.9420289718546526,3.0
3370.0034327693284,232.20692443847656,62,62,0.999999983870968,3.0
3247.973020551726,229.8326301574707,81,74,1.094594579802776,3.0
2837.2854099459946,213.1846694946289,75,76,0.9868420922783936,3.0
2854.8719543572515,213.91879272460938,69,65,1.0615384452071008,3.0
3530.4560709465295,237.88436889648438,83,80,1.0374999870312502,3.0
2111.385217999108,184.73958587646484,63,57,1.1052631385041556,3.0
4097.326405789703,256.37192153930664,84,88,0.9545454436983473,3.0
3354.2606600467116,231.75714111328125,57,60,0.949999984166667,3.0
3841.032866904512,248.48599243164062,64,72,0.88888887654321,3.0
3532.3089066036046,237.7329216003418,66,66,0.9999999848484851,3.0
3080.7394150346518,222.095703125,55,58,0.9482758457193821,3.0
3675.1250289445743,242.71929168701172,83,80,1.0374999870312502,3.0
2407.80455914326,196.7647476196289,70,69,1.014492738920395,3.0
3949.2862018607557,251.37346649169922,89,90,0.9888888779012347,3.0
3365.644375089556,232.44013214111328,82,80,1.0249999871875002,3.0
3292.8046703860164,229.5399169921875,58,59,0.9830508307957486,3.0
2867.8072124496102,214.23093032836914,76,76,0.9999999868421054,3.0
3386.261495459825,232.84546661376953,64,66,0.9696969550045916,3.0
3685.686107777059,243.3640899658203,60,68,0.8823529282006922,3.0
2986.0247240122408,220.47817611694336,78,71,1.0985915338226544,3.0
2936.9301532832906,216.7998390197754,59,58,1.0172413617717007,3.0
3208.9853914901614,226.61969757080078,81,81,0.9999999876543212,3.0
3354.550041425973,232.09364318847656,57,64,0.8906249860839847,3.0
3325.0574411787093,230.73101806640625,57,60,0.949999984166667,3.0
2623.6698324792087,205.2476348876953,71,67,1.0597014767208734,3.0
3636.2248449660838,241.64510345458984,84,81,1.037037024234111,3.0
3856.668339613825,248.47950744628906,89,88,1.011363624870868,3.0
3279.8481538519263,229.0861053466797,75,74,1.0135134998173851,3.0
2777.1595389377326,210.91527938842773,75,75,0.9999999866666669,3.0
3536.2450559698045,238.33291625976562,83,79,1.0506328980932544,3.0
3344.459140498191,231.44804000854492,63,66,0.9545454400826449,3.0
3719.8562281969935,244.63289642333984,63,71,0.8873239311644517,3.0
2847.020868808031,213.6775131225586,57,61,0.9344262141897343,3.0
3598.744933631271,244.02286529541016,82,65,1.2615384421301779,3.0
2581.0096493717283,208.04431533813477,73,58,1.2586206679548162,3.0
2891.6411196403205,215.3098907470703,67,70,0.9571428434693879,3.0
3582.267002146691,239.40817260742188,62,62,0.999999983870968,3.0
2989.947205947712,218.9999122619629,58,62,0.9354838558792927,3.0
2649.3289942461997,208.19058227539062,72,63,1.1428571247165535,3.0
3336.965563043952,232.28661346435547,80,73,1.095890395946707,3.0
3202.6741152517498,226.42999267578125,56,59,0.9491525262855505,3.0
3098.944433174096,222.95686721801758,80,78,1.0256410124917819,3.0
2755.041723590344,209.978515625,74,74,0.9999999864864867,3.0
3675.3239945545793,243.01058959960938,85,82,1.0365853532123739,3.0
2956.4339655330405,217.77935028076172,66,70,0.9428571293877553,3.0
3371.6444438025355,232.30548095703125,63,61,1.0327868683149695,3.0
3313.95776547119,230.33099365234375,57,60,0.949999984166667,3.0
2641.8340188926086,206.24834823608398,71,67,1.0597014767208734,3.0
3745.047793184407,244.90859985351562,83,82,1.0121951096073767,3.0
3758.2161795478314,245.34698867797852,88,88,0.9999999886363637,3.0
3359.3343044528738,232.02875900268555,83,82,1.0121951096073767,3.0
3187.2784678563476,225.82782745361328,76,76,0.9999999868421054,3.0
3572.2010300159454,239.21002197265625,64,67,0.9552238663399424,3.0
3623.95201133471,241.08509826660156,62,68,0.9117646924740487,3.0
3403.550016604364,233.41828155517578,59,61,0.967213098898146,3.0
3160.983339414932,224.97438049316406,81,80,1.0124999873437501,3.0
3706.6876296177506,243.68469619750977,69,72,0.9583333200231484,3.0
3339.7822546623647,231.16796875,59,59,0.9999999830508478,3.0
2718.174545645714,208.73989868164062,74,72,1.0277777635030867,3.0
3071.5404230207205,221.6949462890625,56,57,0.9824561231148049,3.0
2913.0211957152933,215.8900375366211,77,77,0.9999999870129872,3.0
3209.9008723217994,226.67302703857422,81,81,0.9999999876543212,3.0
3065.671577502042,222.05992126464844,78,75,1.0399999861333336,3.0
3291.6852343678474,229.68273162841797,77,79,0.9746835319660313,3.0
3479.4015185069293,235.98223495483398,68,69,0.9855072320940981,3.0
3959.6428518313915,252.64347457885742,67,76,0.8815789357686983,3.0
3387.8257535398006,233.11695861816406,80,79,1.0126582150296428,3.0
3820.159166296944,247.51241302490234,88,89,0.988764033834112,3.0
3437.712483987212,234.81005477905273,60,65,0.9230769088757399,3.0
2054.949588115327,183.0147476196289,65,59,1.1016948965814424,3.0
3222.4690729994327,227.14093017578125,56,59,0.9491525262855505,3.0
2521.1682496303692,201.67773056030273,69,65,1.0615384452071008,3.0
3936.37349118758,251.30938720703125,85,83,1.024096373203658,3.0
3881.4779983069748,249.22395706176758,89,89,0.9999999887640451,3.0
3203.162236455828,226.38604736328125,58,58,0.999999982758621,3.0
3183.055275220424,225.78419494628906,80,80,0.9999999875000002,3.0
3009.687651500106,219.76353454589844,66,70,0.9428571293877553,3.0
3395.254024822265,233.08710098266602,62,60,1.0333333161111113,3.0
2865.41533690691,214.2002182006836,75,74,1.0135134998173851,3.0
3368.947617057711,232.18597412109375,58,60,0.9666666505555559,3.0
2662.632154607214,206.66505432128906,74,74,0.9999999864864867,3.0
2645.132440030575,205.74903869628906,71,70,1.0142856997959186,3.0
3783.5591527875513,246.21989822387695,67,63,1.0634920466112374,3.0
3198.34075035993,226.3547592163086,71,73,0.9726027264027024,3.0
3575.86303691566,239.41031646728516,66,71,0.9295774516960923,3.0
4227.24589675758,260.38768005371094,66,72,0.9166666539351854,3.0
4167.232520817779,258.9393081665039,63,72,0.8749999878472224,3.0
3316.8822762239724,230.55084228515625,56,61,0.9180327718355283,3.0
4111.333690943196,256.84212493896484,87,85,1.0235293997231836,3.0
2625.544455718249,205.3485870361328,72,71,1.0140844927593733,3.0
3970.5370705034584,252.15556716918945,91,90,1.0111110998765434,3.0
3287.392641864717,229.52276611328125,56,60,0.9333333177777781,3.0
2489.9408820047975,199.7564468383789,71,69,1.0289854923335435,3.0
3765.2597641851753,246.00471115112305,84,80,1.0499999868750003,3.0
3793.2967377640307,246.5906219482422,89,87,1.022988493988638,3.0
3643.7471550721675,241.94711685180664,60,67,0.8955223746936959,3.0
3517.7490399219096,237.63311386108398,85,84,1.0119047498582767,3.0
3743.5537973251194,244.74361419677734,79,79,0.9999999873417723,3.0
3334.33764443174,231.59320068359375,58,66,0.8787878654729112,3.0
3389.063837248832,233.21683502197266,57,63,0.904761890400605,3.0
3537.4451765045524,237.9146728515625,65,66,0.9848484699265384,3.0
3842.818517625332,248.66465759277344,64,72,0.88888887654321,3.0
3699.8278106078506,243.41027450561523,81,79,1.0253164427175134,3.0
3423.022630194202,234.02851104736328,84,84,0.9999999880952383,3.0
3356.380449321121,231.8580551147461,63,67,0.9402984934283807,3.0
3584.85322111845,240.08245849609375,62,70,0.8857142730612247,3.0
3685.5891969278455,243.15284729003906,62,67,0.9253731205168191,3.0
3456.037045441568,235.60469818115234,82,80,1.0249999871875002,3.0
4426.736404765397,267.84495544433594,89,95,0.9368420954016622,4.0
6092.701259352267,312.2599868774414,105,104,1.0096153749075445,4.0
5364.047689015977,293.10167694091797,98,97,1.0103092679349561,4.0
3987.198293105699,253.98077392578125,85,90,0.9444444339506174,4.0
5338.46055023931,292.36547088623047,98,97,1.0103092679349561,4.0
5065.290335351601,284.73531341552734,96,97,0.9896907114464876,4.0
5492.071980517358,296.77093505859375,97,92,1.0543478146266543,4.0
5343.129217404872,292.3870315551758,83,83,0.9999999879518074,4.0
3907.9989044629037,252.2269287109375,82,90,0.9111111009876545,4.0
5654.2510034143925,301.0542907714844,102,98,1.0408163159100376,4.0
5266.785508831032,290.31919860839844,97,98,0.9897959082673887,4.0
4843.682123884559,278.6206283569336,82,76,1.078947354224377,4.0
4862.004522906616,280.34893798828125,64,78,0.8205128099934256,4.0
5168.7477193214,287.766357421875,70,76,0.921052619459834,4.0
6126.711035523564,313.2550506591797,105,107,0.9813084020438467,4.0
5593.4861321002245,299.8211669921875,71,81,0.8765431990550223,4.0
3796.582943826914,247.66021728515625,81,87,0.931034472057075,4.0
5691.233077190816,301.82117462158203,101,100,1.0099999899,4.0
4862.093206584454,278.9363708496094,99,98,1.0102040713244482,4.0
6171.757228061557,315.5440673828125,73,88,0.8295454451188018,4.0
3963.5878449101,253.35412979125977,83,89,0.9325842591844465,4.0
4944.296201927587,281.4459991455078,94,96,0.9791666564670141,4.0
5041.044923320413,284.12957763671875,95,93,1.0215053653601573,4.0
5628.009802063927,300.5804901123047,97,92,1.0543478146266543,4.0
5051.031759914011,284.55108642578125,86,81,1.0617283819539707,4.0
5617.967648610473,300.3638916015625,71,81,0.8765431990550223,4.0
5691.027869090438,301.8795623779297,101,103,0.980582514751626,4.0
4966.550150334835,282.07556915283203,84,80,1.0499999868750003,4.0
4774.562646782026,277.29364013671875,65,76,0.8552631466412745,4.0
5079.298998705111,285.34947204589844,72,78,0.9230769112426037,4.0
4932.880421072245,282.3297119140625,65,79,0.8227847997115848,4.0
5995.380019009113,309.8092041015625,103,104,0.9903846058616865,4.0
4180.4260123623535,259.89472579956055,90,93,0.9677419250780438,4.0
5495.046630512923,296.80960845947266,99,95,1.0421052521883658,4.0
5667.96155218035,301.22845458984375,82,79,1.037974670405384,4.0
5311.980291180313,291.8445739746094,84,78,1.076923063116371,4.0
4703.26628918387,275.26202392578125,64,76,0.8421052520775625,4.0
4989.890014823526,282.783203125,69,75,0.9199999877333336,4.0
3878.261453143321,250.60918045043945,83,89,0.9325842591844465,4.0
5383.017050884664,293.9195861816406,100,96,1.0416666558159724,4.0
5030.927064112388,283.80653381347656,99,96,1.0312499892578126,4.0
4208.99804241769,260.24267196655273,80,71,1.1267605475104148,4.0
4591.515994237736,271.4329071044922,70,77,0.9090908972845338,4.0
3256.880789011717,229.01151275634766,80,77,1.0389610254680386,4.0
3681.9300585146993,244.4844970703125,79,86,0.9186046404813414,4.0
5712.255331225693,302.36852264404297,102,100,1.0199999898,4.0
3725.0435585882515,245.39538955688477,76,83,0.9156626395703297,4.0
5421.604895208031,294.5716247558594,93,95,0.9789473581163436,4.0
5338.839904649183,292.3998794555664,81,77,1.051948038286389,4.0
6137.864141192287,314.7744140625,72,87,0.8275861973840667,4.0
4321.103619195521,264.30490493774414,91,95,0.9578947267590029,4.0
5827.580993430689,305.62186431884766,102,99,1.030303019895929,4.0
4073.069305215031,257.01615142822266,89,92,0.9673912938327034,4.0
5641.305133406073,300.85382080078125,101,97,1.0412371026676588,4.0
4430.523226909339,267.2691650390625,62,74,0.837837826515705,4.0
5162.841398928314,287.54381561279297,94,92,1.0217391193289227,4.0
5271.072833140381,290.7971725463867,96,92,1.0434782495274104,4.0
5174.50499693118,287.7776641845703,83,81,1.024691345374181,4.0
4828.577566085383,277.95751953125,99,99,0.99999998989899,4.0
4183.18776666373,260.22630310058594,83,90,0.9222222119753087,4.0
5214.438489459455,289.0209274291992,98,95,1.0315789365096955,4.0
5488.406535774469,296.70970153808594,77,84,0.9166666557539684,4.0
4219.133764622733,260.1006393432617,91,88,1.0340908973398761,4.0
4976.894210047089,282.8510437011719,86,78,1.1025640884286656,4.0
5299.782049423084,291.1995162963867,79,79,0.9999999873417723,4.0
5207.228097997606,288.723876953125,96,93,1.0322580534165802,4.0
5311.941349929199,293.02374267578125,84,95,0.8842105170083103,4.0
6163.565408095717,314.5780944824219,78,87,0.8965517138327389,4.0
5099.404541289434,285.71595001220703,92,89,1.0337078535538444,4.0
5337.011505447328,292.26183319091797,84,82,1.0243902314098752,4.0
5453.1538422536105,295.5226135253906,79,83,0.9518072174481058,4.0
3757.802996877581,245.46392059326172,85,82,1.0365853532123739,4.0
4859.961908806115,280.02420806884766,86,76,1.1315789324792247,4.0
5297.952263250947,291.4459533691406,96,91,1.0549450433522523,4.0
5251.29604273662,289.8783493041992,84,83,1.0120481805777328,4.0
5558.943982429802,299.8689270019531,71,86,0.8255813857490537,4.0
4559.990188382566,270.1240692138672,74,73,1.013698616250704,4.0
5548.345045896247,298.1463928222656,94,89,1.0561797634137104,4.0
5061.059991940856,284.56553649902344,89,90,0.9888888779012347,4.0
6319.320967130363,319.3240966796875,73,88,0.8295454451188018,4.0
4485.892196955159,268.19126892089844,75,69,1.0869565059861377,4.0
5281.109307676554,291.20208740234375,97,92,1.0543478146266543,4.0
5360.557852713391,292.9327697753906,86,84,1.0238095116213153,4.0
5956.591876927763,310.072021484375,72,86,0.8372092925905896,4.0
5300.981078545563,291.26007080078125,94,94,0.9999999893617023,4.0
3842.6870178356767,248.3346939086914,89,88,1.011363624870868,4.0
6079.209778200835,312.66099548339844,78,88,0.8863636262913225,4.0
5233.013477794826,289.51451873779297,96,93,1.0322580534165802,4.0
4665.252443768084,273.86151123046875,65,74,0.8783783665084005,4.0
4982.938158053905,282.53211975097656,81,76,1.065789459660665,4.0
4750.77079924196,276.4630126953125,65,75,0.8666666551111113,4.0
5128.174029505812,286.7129592895508,71,77,0.9220779101028843,4.0
4022.591465668753,255.38021850585938,87,92,0.9456521636342157,4.0
5694.000949608162,301.91104888916016,102,100,1.0199999898,4.0
3841.520274675451,248.9554672241211,81,73,1.1095890258960408,4.0
4389.1578022912145,265.2874755859375,77,72,1.0694444295910497,4.0
5955.7696492262185,308.91229248046875,81,75,1.0799999856000002,4.0
4885.2977730333805,280.57403564453125,65,77,0.8441558331927814,4.0
5155.648740135133,287.2146224975586,93,92,1.0108695542296788,4.0
5819.473085572943,305.89178466796875,79,88,0.8977272625258266,4.0
3706.4174740929157,243.81779098510742,86,84,1.0238095116213153,4.0
4688.140524355695,274.85070037841797,85,75,1.1333333182222225,4.0
4197.665894655511,259.4122428894043,92,92,0.999999989130435,4.0
4512.163903125562,268.78346252441406,93,92,1.0108695542296788,4.0
5558.347957670689,298.45813751220703,90,85,1.0588235169550175,4.0
5846.132718564011,306.77071380615234,76,87,0.8735632083498482,4.0
5083.865588491783,285.63360595703125,69,76,0.9078947248961221,4.0
4465.741839110851,268.2698974609375,62,73,0.8493150568586979,4.0
5135.681549906731,286.996337890625,69,77,0.8961038844661834,4.0
5605.58973518759,299.63704681396484,87,84,1.0357142733843538,4.0
4080.356734908186,257.04763412475586,88,92,0.9565217287334595,4.0
5728.914560785517,302.8448181152344,101,99,1.0202020098969493,4.0
5504.288723254576,297.1943054199219,99,94,1.0531914781575376,4.0
3355.0034657120705,233.41718292236328,74,81,0.9135802356348119,4.0
3876.461949513294,250.4106903076172,82,88,0.931818171229339,4.0
5089.023011246696,285.41485595703125,96,94,1.0212765848800363,4.0
4890.423311350867,279.85255432128906,94,96,0.9791666564670141,4.0
5375.553353017196,293.40028381347656,88,85,1.0352941054671283,4.0
5277.133716298267,291.2446594238281,73,82,0.8902438915823916,4.0
5144.608293287456,287.1734619140625,70,76,0.921052619459834,4.0
4848.26724704355,278.5363006591797,90,89,1.0112359436939782,4.0
4418.156832374632,266.7359619140625,63,73,0.8630136868080317,4.0
5671.941639587283,301.5961380004883,79,85,0.9294117537716264,4.0
3752.6387973055243,245.37041091918945,86,84,1.0238095116213153,4.0
4849.471652947366,278.8048324584961,83,78,1.0641025504602237,4.0
4579.828556649387,270.74688720703125,74,72,1.0277777635030867,4.0
5439.907571673393,295.03648376464844,84,83,1.0120481805777328,4.0
4786.973980754614,277.6954345703125,64,77,0.831168820374431,4.0
5367.114382222295,293.34808349609375,71,77,0.9220779101028843,4.0
5455.127162197605,296.9446105957031,71,85,0.8352941078200693,4.0
6179.542719537392,314.5338821411133,112,112,0.9999999910714287,4.0
5034.1032418953255,283.80725860595703,91,92,0.9891304240311911,4.0
3674.049160718918,242.8345489501953,87,87,0.9999999885057473,4.0
4973.301749750972,282.17887115478516,93,91,1.0219780107474945,4.0
5198.572684762068,289.7188720703125,95,101,0.9405940500931282,4.0
5074.326488537714,285.73040771484375,70,80,0.8749999890625002,4.0
4147.573925903067,257.7903594970703,88,86,1.0232558020551652,4.0
5027.5371286971495,284.79725646972656,89,78,1.1410256263971075,4.0
5126.710357872769,286.43180084228516,92,93,0.9892473011908892,4.0
3882.4695574166253,249.71277236938477,89,87,1.022988493988638,4.0
5589.81174509041,299.12977600097656,99,101,0.9801980100970494,4.0
5535.104971982539,298.9827880859375,69,83,0.8313252911888519,4.0
5455.904503185302,295.75196838378906,79,85,0.9294117537716264,4.0
3915.6141583546996,250.64356994628906,87,84,1.0357142733843538,4.0
4930.270083297975,281.76678466796875,86,76,1.1315789324792247,4.0
6335.683824464679,318.816162109375,101,106,0.9528301796902814,4.0
5180.685823684558,289.857421875,70,85,0.8235294020761247,4.0
5745.366670254618,303.4272155761719,98,94,1.0425531803983705,4.0
4766.451677931473,276.70252990722656,84,76,1.1052631433518008,4.0
5559.391305748373,298.46215057373047,96,92,1.0434782495274104,4.0
5684.370502073318,301.5792694091797,86,86,0.9999999883720931,4.0
4296.071964676492,263.7038917541504,90,94,0.9574467983250341,4.0
5836.208712507039,305.9725341796875,105,102,1.0294117546136103,4.0
3927.8491499237716,251.68178939819336,84,88,0.9545454436983473,4.0
4923.112760793418,280.83241271972656,94,96,0.9791666564670141,4.0
5195.091285582632,288.6670227050781,99,96,1.0312499892578126,4.0
5622.5535449534655,299.9931335449219,83,80,1.0374999870312502,4.0
4543.648985451087,270.3332214355469,69,78,0.884615373274162,4.0
3971.9522488918155,252.9833869934082,75,66,1.1363636191460058,4.0
3140.310108438134,224.63084411621094,79,76,1.0394736705332412,4.0
5609.859163602814,300.89215087890625,70,84,0.8333333234126985,4.0
6338.945438530296,319.2911376953125,103,109,0.9449541197710631,4.0
5226.1808084100485,289.3574523925781,86,82,1.0487804750148724,4.0
4762.491572186351,277.0526123046875,64,76,0.8421052520775625,4.0
5137.961977683008,286.9481201171875,70,75,0.9333333208888891,4.0
5189.327282678336,288.1483459472656,93,93,0.9999999892473119,4.0
3514.6319264546037,237.7139892578125,85,84,1.0119047498582767,4.0
5200.58574747853,288.8624801635742,82,76,1.078947354224377,4.0
5791.833818463609,304.7931137084961,90,84,1.0714285586734695,4.0
4794.171739317477,277.8031005859375,65,76,0.8552631466412745,4.0
5140.430477762595,287.12774658203125,69,76,0.9078947248961221,4.0
5307.169784668833,291.8111801147461,97,92,1.0543478146266543,4.0
5087.664048623294,285.4402313232422,86,83,1.0361445658295836,4.0
3908.462980085984,251.68928909301758,82,88,0.931818171229339,4.0
5362.120243225247,293.0639953613281,99,96,1.0312499892578126,4.0
5121.738882693462,286.2660369873047,96,96,0.9999999895833335,4.0
4091.6561249447986,257.2958679199219,88,92,0.9565217287334595,4.0
5535.286501735449,297.73973083496094,100,97,1.0309278244234246,4.0
4657.793000901118,273.0896530151367,75,71,1.0563380132910138,4.0
6004.898638674989,309.98168182373047,106,105,1.0095237999092972,4.0
5615.976003978401,300.31634521484375,71,81,0.8765431990550223,4.0
4995.063612550497,283.07798767089844,74,80,0.9249999884375002,4.0
2818.8920390680432,213.20956420898438,76,72,1.0555555408950619,4.0
4129.2514885198325,258.2765235900879,80,70,1.1428571265306124,4.0
4233.582811564207,261.1409683227539,93,93,0.9999999892473119,4.0
4541.826254415326,269.75120544433594,93,90,1.0333333218518521,4.0
4454.568063081242,268.16297149658203,89,94,0.9468085005658671,4.0
5336.148015923798,292.34678649902344,98,96,1.0208333226996529,4.0
5224.137195083313,289.1958465576172,93,95,0.9789473581163436,4.0
4244.103082526475,261.2745895385742,89,93,0.9569892370216211,4.0
5643.254628568888,300.66558837890625,101,98,1.0306122343815078,4.0
6019.008682318032,310.34027099609375,80,78,1.0256410124917819,4.0
3918.4986292533576,251.9729232788086,85,90,0.9444444339506174,4.0
5567.512329231948,298.7811584472656,101,97,1.0412371026676588,4.0
6114.355120521039,312.8053741455078,88,87,1.0114942412471926,4.0
4959.458552964032,282.6441650390625,66,77,0.8571428460111319,4.0
5352.140929074958,293.02716064453125,70,78,0.8974358859303092,4.0
6173.051788151264,314.4635009765625,82,77,1.0649350511047397,4.0
4215.977554954588,260.2855911254883,93,92,1.0108695542296788,4.0
4932.234443746507,280.92639923095703,96,96,0.9999999895833335,4.0
3873.877164779231,249.25831985473633,89,87,1.022988493988638,4.0
5155.051810968667,287.24940490722656,97,95,1.021052620831025,4.0
5224.795539261773,289.4080047607422,95,90,1.0555555438271607,4.0
5870.04712048918,306.5644226074219,89,85,1.0470588112110728,4.0
5394.656914114952,293.98326873779297,97,93,1.0430107414730028,4.0
4615.34730007872,272.88653564453125,63,75,0.8399999888000002,4.0
5613.004572972655,300.69793701171875,75,86,0.8720930131151976,4.0
4117.8070747014135,257.31555557250977,92,91,1.0109889998792418,4.0
4290.927646527067,262.20764541625977,90,88,1.0227272611053722,4.0
4578.083516173065,270.7095184326172,80,83,0.9638554100740312,4.0
5373.988276876509,293.4926300048828,96,92,1.0434782495274104,4.0
5150.610523279756,287.07118225097656,92,93,0.9892473011908892,4.0
4469.608030803502,268.4346923828125,62,74,0.837837826515705,4.0
5759.936124492437,304.7653350830078,75,88,0.8522727175878101,4.0
4272.649634883739,262.6133460998535,90,93,0.9677419250780438,4.0
5979.75170427002,309.49535369873047,103,100,1.0299999897,4.0
5430.526528293267,294.76905822753906,95,95,0.9999999894736844,4.0
3911.8632700461894,250.7151985168457,90,89,1.0112359436939782,4.0
4814.952610295266,278.63934326171875,64,77,0.831168820374431,4.0
5292.201915990561,291.1716766357422,97,94,1.0319148826392035,4.0
5485.049868432805,297.53807830810547,72,85,0.847058813564014,4.0
6213.584135372192,316.649658203125,73,88,0.8295454451188018,4.0
4964.250276051462,281.94439697265625,85,81,1.0493827030940408,4.0
4756.871495168656,276.88946533203125,64,76,0.8421052520775625,4.0
5047.6518499441445,284.622314453125,69,77,0.8961038844661834,4.0
5216.011343345046,289.31260681152344,96,91,1.0549450433522523,4.0
5169.823242995888,287.66600036621094,83,80,1.0374999870312502,4.0
5025.683356761001,283.69263458251953,100,101,0.9900990000980298,4.0
4784.290453956462,278.9076690673828,89,98,0.9081632560391505,4.0
5697.605986172333,302.0237274169922,102,99,1.030303019895929,4.0
4460.66333591938,268.3516387939453,96,95,1.0105263051523548,4.0
5022.77427155152,283.52220916748047,97,97,0.9999999896907218,4.0
3909.2381798177958,250.7637939453125,90,88,1.0227272611053722,4.0
4792.906998949125,277.0391311645508,94,92,1.0217391193289227,4.0
5004.693644036539,283.43646240234375,93,87,1.0689655049544196,4.0
5559.907097171992,298.58353424072266,88,83,1.0602409510814343,4.0
4435.978631380945,266.6442451477051,96,95,1.0105263051523548,4.0
4656.118066646159,272.96732330322266,92,92,0.999999989130435,4.0
5463.0844777897,295.73866271972656,95,93,1.0215053653601573,4.0
4770.6340170018375,276.6479949951172,80,86,0.9302325473228774,4.0
5077.526230663061,285.0861053466797,92,90,1.0222222108641976,4.0
4241.634959845804,260.5117492675781,82,83,0.9879517953258821,4.0
4717.563670802861,275.49530029296875,64,75,0.8533333219555558,4.0
5398.4596623927355,293.98291778564453,97,95,1.021052620831025,4.0
5965.151526994072,309.2252960205078,105,107,0.9813084020438467,4.0
5117.479243542999,287.03765869140625,70,81,0.8641975201950923,4.0
3308.1337206847966,230.9951934814453,77,81,0.9506172722146016,4.0
4232.072764664888,260.23631286621094,92,91,1.0109889998792418,4.0
4699.183512549847,274.7852554321289,93,88,1.0568181698088845,4.0
5159.060338119045,287.7511520385742,75,82,0.9146341351873887,4.0
4054.353937499225,254.95500946044922,89,86,1.0348837088967011,4.0
4990.071877988055,282.99761962890625,87,80,1.0874999864062502,4.0
6148.306869465858,314.833251953125,73,87,0.8390804501255121,4.0
5280.467071985826,290.6702346801758,83,83,0.9999999879518074,4.0
5041.731929972768,284.97216796875,66,78,0.8461538353057201,4.0
5286.068906670436,291.14984130859375,70,77,0.9090908972845338,4.0
6342.813423514366,319.8109130859375,74,88,0.8409090813533059,4.0
5628.744278818369,300.32379150390625,102,99,1.030303019895929,4.0
4676.174834545702,273.77056884765625,96,97,0.9896907114464876,4.0
3305.6802006065845,231.83744049072266,74,81,0.9135802356348119,4.0
6201.861029634252,315.4502868652344,80,88,0.9090908987603307,4.0
5452.957741223276,295.6184997558594,78,84,0.928571417517007,4.0
3402.106496915221,233.6952362060547,83,81,1.024691345374181,4.0
6405.201833508909,321.5035400390625,74,89,0.8314606648150488,4.0
5620.692622007802,300.11841583251953,102,100,1.0199999898,4.0
3665.7278060931712,243.08712768554688,81,85,0.9529411652595158,4.0
5102.484359532595,285.7571105957031,93,94,0.9893616916025352,4.0
3639.265181521885,241.5605354309082,86,85,1.0117646939792388,4.0
3883.7776717264205,250.82686614990234,82,89,0.9213483042545134,4.0
5084.512733211741,285.4385299682617,97,94,1.0319148826392035,4.0
4884.882663544267,279.6798858642578,93,94,0.9893616916025352,4.0
3494.837580218911,236.85247802734375,57,63,0.904761890400605,4.0
4165.923852689564,258.36315155029297,84,82,1.0243902314098752,4.0
4768.554707262665,276.9471130371094,67,77,0.8701298588294823,4.0
5271.075468081981,290.602294921875,71,77,0.9220779101028843,4.0
5350.171408900991,292.69911193847656,89,85,1.0470588112110728,4.0
4395.285405686125,265.9626159667969,95,95,0.9999999894736844,4.0
4538.392655454576,269.8408622741699,94,91,1.032967021615747,4.0
4905.954503039829,280.1700897216797,98,98,0.9999999897959185,4.0
5342.8553379084915,292.43724822998047,97,95,1.021052620831025,4.0
4205.538151921704,260.77025604248047,84,91,0.9230769129332208,4.0
5456.301773555577,295.63146209716797,100,98,1.020408152852978,4.0
3594.0157450642437,240.6908187866211,79,83,0.9518072174481058,4.0
4849.775001816452,279.40484619140625,65,76,0.8552631466412745,4.0
5148.6998484916985,287.3765335083008,97,92,1.0543478146266543,4.0
5221.950615939684,289.335693359375,77,83,0.927710832196255,4.0
4999.390087453648,284.26715087890625,89,77,1.155844140833193,4.0
3777.009897787124,246.27880096435547,87,84,1.0357142733843538,4.0
3678.3696872480214,243.9172821044922,82,87,0.9425287247985205,4.0
5301.697885487229,291.6043395996094,99,95,1.0421052521883658,4.0
3088.6291893087327,223.22904205322266,78,73,1.0684931360480392,4.0
4429.461992241442,267.1216506958008,81,71,1.140845054354295,4.0
4540.703024722636,269.8815460205078,70,77,0.9090908972845338,4.0
7.243003763258457,10.9178466796875,3,5,0.599999880000024,4.0
5383.079900365323,293.4779052734375,80,80,0.9999999875000002,4.0
3736.618696514517,246.10093688964844,82,87,0.9425287247985205,4.0
5412.348388971761,294.49840545654297,99,96,1.0312499892578126,4.0
4852.005725062452,278.802978515625,96,98,0.9795918267388589,4.0
3636.327648073435,242.54108428955078,79,85,0.9294117537716264,4.0
4687.39665729925,273.9032287597656,98,97,1.0103092679349561,4.0
5629.770580038428,300.20184326171875,100,99,1.0101009998979698,4.0
5504.455850712955,296.7931365966797,95,96,0.9895833230251737,4.0
4441.077982396819,266.59716033935547,75,76,0.9868420922783936,4.0
5435.795510368422,295.1146240234375,82,77,1.0649350511047397,4.0
5481.531354021281,296.36651611328125,95,90,1.0555555438271607,4.0
5131.865976437926,286.5598449707031,85,84,1.0119047498582767,4.0
5597.627003759146,300.5220947265625,70,83,0.8433734838147773,4.0
5792.501205828041,304.61607360839844,100,102,0.9803921472510574,4.0
3783.775919103995,247.09815979003906,82,87,0.9425287247985205,4.0
5232.857068983838,289.5189895629883,98,95,1.0315789365096955,4.0
5010.796885440126,283.2739791870117,94,96,0.9791666564670141,4.0
4897.358927249908,280.6759338378906,84,74,1.1351351197954713,4.0
5214.394456163049,289.0904541015625,71,76,0.9342105140235459,4.0
4901.224135631695,281.04693603515625,65,78,0.8333333226495728,4.0
4933.948186904192,281.7061462402344,69,79,0.8734177104630669,4.0
5342.454084433615,292.7073974609375,71,77,0.9220779101028843,4.0
5652.357784250751,300.87547302246094,91,87,1.0459769994715287,4.0
3856.970819015056,249.63143920898438,82,88,0.931818171229339,4.0
5333.857540482655,292.3920211791992,100,97,1.0309278244234246,4.0
5051.611243810505,284.32264709472656,95,96,0.9895833230251737,4.0
5188.655234888196,289.4190673828125,67,80,0.8374999895312502,4.0
5926.528101900592,307.97230529785156,102,104,0.9807692213387575,4.0
4979.326203564182,282.89141845703125,67,76,0.8815789357686983,4.0
5906.045799583197,307.5985565185547,97,100,0.9699999903000002,4.0
5528.743890680373,297.71864318847656,82,76,1.078947354224377,4.0
5565.010510515422,298.5629348754883,98,101,0.9702970200960691,4.0
5705.078281536698,303.537109375,71,85,0.8352941078200693,4.0
5572.565077986568,299.1277313232422,78,85,0.9176470480276818,4.0
5258.4891407079995,290.23119354248047,85,81,1.0493827030940408,4.0
3621.2433646656573,241.3245620727539,85,82,1.0365853532123739,4.0
5324.141690161079,291.8957214355469,80,78,1.0256410124917819,4.0
5074.6049878383055,285.2698516845703,94,90,1.0444444328395064,4.0
5171.807090559974,287.75833892822266,84,82,1.0243902314098752,4.0
5429.151758637279,294.96336364746094,78,84,0.928571417517007,4.0
3318.123024092987,230.78099060058594,81,79,1.0253164427175134,4.0
5215.789281092584,289.1421813964844,80,73,1.095890395946707,4.0
4165.248197194189,260.08602142333984,89,94,0.9468085005658671,4.0
5736.0442026034,303.16188049316406,101,99,1.0202020098969493,4.0
6163.370070274919,315.1953125,73,87,0.8390804501255121,4.0
3338.9979265630245,232.69371032714844,84,82,1.0243902314098752,4.0
4595.018349164166,271.5793685913086,92,89,1.0337078535538444,4.0
4207.634828478098,260.5798645019531,93,92,1.0108695542296788,4.0
4516.747188590467,269.0462341308594,94,91,1.032967021615747,4.0
5354.71342892386,293.12027740478516,79,86,0.9186046404813414,4.0
3908.8459945823997,250.2292709350586,86,85,1.0117646939792388,4.0
4934.116114838049,281.2704315185547,85,80,1.0624999867187501,4.0
3838.9875199962407,248.9403839111328,84,88,0.9545454436983473,4.0
4820.18080217205,277.74342346191406,94,94,0.9999999893617023,4.0
5109.52866108343,286.0938034057617,97,95,1.021052620831025,4.0
5461.109021291137,295.9204635620117,77,84,0.9166666557539684,4.0
3328.1865844354033,231.33226013183594,81,79,1.0253164427175134,4.0
4472.672931306064,268.0111999511719,96,95,1.0105263051523548,4.0
4361.546520142816,264.16822814941406,90,90,0.9999999888888891,4.0
5301.496014105156,291.4193801879883,82,78,1.0512820378040764,4.0
5066.536981333047,284.76019287109375,73,71,1.0281689996032535,4.0
3840.868827279657,248.58910369873047,89,88,1.011363624870868,4.0
4578.997143551707,270.75291442871094,93,91,1.0219780107474945,4.0
5704.314309768379,302.3666687011719,82,76,1.078947354224377,4.0
6353.083925038576,318.824951171875,80,80,0.9999999875000002,4.0
5565.2523200288415,298.91087341308594,78,86,0.9069767336398055,4.0
3519.7964007053524,237.49248504638672,84,81,1.037037024234111,4.0
5202.842574246228,289.00856018066406,89,82,1.0853658404223678,4.0
4802.625569969416,277.8914794921875,66,76,0.8684210412049863,4.0
5281.15922305733,291.0396728515625,70,77,0.9090908972845338,4.0
4452.687378809787,267.78336334228516,96,96,0.9999999895833335,4.0
4808.1792236715555,277.4804992675781,95,94,1.0106382871208692,4.0
6088.985166847706,313.2396240234375,73,85,0.8588235193079586,4.0
4137.548490439542,258.6791305541992,89,92,0.9673912938327034,4.0
5556.170529969037,298.7442932128906,101,96,1.0520833223741322,4.0
5427.708718717098,295.1400146484375,99,94,1.0531914781575376,4.0
4949.072564100847,281.73187255859375,68,75,0.906666654577778,4.0
5472.087822343223,296.18511962890625,98,94,1.0425531803983705,4.0
5410.352544017136,294.3969955444336,86,82,1.0487804750148724,4.0
5170.316520640627,288.5245666503906,74,84,0.8809523704648528,4.0
4831.202925084159,278.6964340209961,86,78,1.1025640884286656,4.0
3783.823564855382,246.59687423706055,86,83,1.0361445658295836,4.0
5033.860579669476,283.99658203125,85,81,1.0493827030940408,4.0
4751.276903741062,276.5892333984375,64,76,0.8421052520775625,4.0
5159.233730955049,287.58795166015625,70,77,0.9090908972845338,4.0
5568.510745707899,298.57489013671875,89,87,1.022988493988638,4.0
5255.601879250258,290.76927185058594,72,82,0.8780487697798931,4.0
5142.256913986057,287.3623046875,69,77,0.8961038844661834,4.0
5212.766098063439,289.2676239013672,73,82,0.8902438915823916,4.0
3862.3490061890334,249.06242752075195,86,83,1.0361445658295836,4.0
4609.278052272275,272.8105163574219,84,73,1.1506849157440422,4.0
4234.541759265587,261.8327751159668,86,92,0.9347825985349718,4.0
6364.30845685862,319.3895263671875,106,102,1.0392156760861209,4.0
5351.915799830109,292.87269592285156,95,91,1.0439560324839996,4.0
5511.481192044914,297.57083892822266,89,81,1.0987654185337603,4.0
3968.58528930787,252.76547622680664,90,90,0.9999999888888891,4.0
4472.410630015656,267.7463150024414,94,91,1.032967021615747,4.0
4224.145920531824,260.5289878845215,93,92,1.0108695542296788,4.0
4475.823514910415,267.69947814941406,92,91,1.0109889998792418,4.0
5404.174477917142,294.22672271728516,77,82,0.9390243787923856,4.0
4543.595743216574,270.3197250366211,82,74,1.1081080931336744,4.0
3556.1149211917073,239.07452011108398,84,81,1.037037024234111,4.0
5679.840862430632,301.71429443359375,102,98,1.0408163159100376,4.0
2917.610453268513,216.75804901123047,72,76,0.9473684085872578,4.0
5307.935414113104,291.438232421875,96,95,1.0105263051523548,4.0
4989.772345962003,283.8097915649414,80,90,0.8888888790123458,4.0
3910.599693842232,251.2858657836914,82,88,0.931818171229339,4.0
5137.651175197214,286.8880157470703,97,95,1.021052620831025,4.0
4989.1093442011625,282.5949401855469,93,95,0.9789473581163436,4.0
6378.395808279514,320.6541748046875,74,88,0.8409090813533059,4.0
4340.208651714027,263.9781494140625,63,71,0.8873239311644517,4.0
4666.106799734756,273.39117431640625,69,74,0.9324324198319943,4.0
5078.809756394476,285.3005676269531,84,79,1.063291125781125,4.0
3846.3694737758487,249.80950927734375,83,89,0.9325842591844465,4.0
4935.786197433248,281.0592269897461,95,97,0.9793814332022532,4.0
5164.054868463427,287.8492736816406,97,93,1.0430107414730028,4.0
5350.538100387901,292.62120056152344,95,94,1.0106382871208692,4.0
4607.377502877265,271.7119903564453,80,85,0.941176459515571,4.0
5428.981807116419,295.3039245605469,79,87,0.9080459665741843,4.0
4856.094763848931,279.9549255371094,86,74,1.1621621464572682,4.0
4188.964600900188,259.20051193237305,89,86,1.0348837088967011,4.0
5223.507150458172,289.3692855834961,85,80,1.0624999867187501,4.0
4831.889175616205,278.70831298828125,66,75,0.8799999882666668,4.0
5214.285789057612,289.1363525390625,70,77,0.9090908972845338,4.0
4506.506538540125,269.4827880859375,63,74,0.8513513398466035,4.0
5660.616581235081,300.965576171875,102,102,0.9999999901960785,4.0
5439.44227976352,295.03128814697266,86,86,0.9999999883720931,4.0
5277.617342776619,291.12530517578125,73,81,0.9012345567748821,4.0
4956.811088684946,281.87432861328125,68,75,0.906666654577778,4.0
5938.681408582255,308.7142333984375,77,85,0.9058823422837372,4.0
5086.098860006779,285.4970703125,79,73,1.0821917659973732,4.0
4290.561618203297,262.3493766784668,93,94,0.9893616916025352,4.0
4731.9173422995955,275.1632308959961,93,93,0.9999999892473119,4.0
6522.104730065912,323.1335906982422,94,90,1.0444444328395064,4.0
4650.506880681962,273.78076171875,64,75,0.8533333219555558,4.0
5053.615883570164,284.62469482421875,69,75,0.9199999877333336,4.0
6573.714889459312,324.36973571777344,102,104,0.9807692213387575,4.0
4059.418893676251,255.27564239501953,66,72,0.9166666539351854,4.0
4436.435432963073,267.26934814453125,63,73,0.8630136868080317,4.0
5251.500631969422,289.9394836425781,96,94,1.0212765848800363,4.0
5931.6404491476715,308.4911880493164,78,85,0.9176470480276818,4.0
5344.588905687444,292.4542922973633,93,95,0.9789473581163436,4.0
3913.671406261623,250.6452178955078,90,89,1.0112359436939782,4.0
5645.703425079584,300.5684356689453,101,102,0.990196068723568,4.0
5461.341226328164,296.92388916015625,68,83,0.8192770985629265,4.0
6010.2017935961485,312.0860900878906,72,89,0.8089887549551825,4.0
5165.109402451664,287.89392852783203,83,75,1.1066666519111112,4.0
4936.56857316196,281.0745544433594,95,93,1.0215053653601573,4.0
3919.689445964992,250.91665267944336,89,88,1.011363624870868,4.0
5579.305304493755,299.1828308105469,76,84,0.9047618939909299,4.0
3815.7119950279593,247.52445220947266,87,83,1.048192758455509,4.0
4818.720170925371,278.6748352050781,86,77,1.1168831023781416,4.0
5097.551547449082,286.7911682128906,69,81,0.8518518413351625,4.0
5.253656782209873,9.2254638671875,3,3,0.9999996666667778,4.0
5220.110197870061,289.0036926269531,93,92,1.0108695542296788,4.0
3472.449990309775,236.42986297607422,84,83,1.0120481805777328,4.0
5739.800361699425,303.1527862548828,102,104,0.9807692213387575,4.0
5526.097808310762,297.96075439453125,70,80,0.8749999890625002,4.0
4996.952185995877,283.84967041015625,66,78,0.8461538353057201,4.0
6185.071664341725,314.6409149169922,101,103,0.980582514751626,4.0
5555.683752827346,298.8348083496094,100,95,1.0526315678670362,4.0
5316.164994399995,292.03076171875,70,78,0.8974358859303092,4.0
4784.4900851510465,277.22723388671875,85,78,1.0897435757725182,4.0
5178.679404638708,288.0506896972656,75,80,0.9374999882812501,4.0
3738.624055121094,245.05215454101562,86,82,1.0487804750148724,4.0
3337.7022758945823,231.71170806884766,74,79,0.9367088489024197,4.0
4731.893077118322,275.270263671875,98,98,0.9999999897959185,4.0
5417.540673658252,294.4764862060547,98,96,1.0208333226996529,4.0
5600.005803644657,299.41444396972656,101,101,0.99999999009901,4.0
5509.554982010275,298.588134765625,68,84,0.8095237998866215,4.0
5570.5200464092195,298.9836196899414,80,87,0.9195402193156297,4.0
3526.7574588339776,238.1532440185547,84,81,1.037037024234111,4.0
4708.9341744128615,275.0441131591797,84,76,1.1052631433518008,4.0
3117.1743381097913,225.10530853271484,73,80,0.9124999885937501,4.0
4639.972414405085,272.53702545166016,96,97,0.9896907114464876,4.0
5307.104660473764,291.67323303222656,98,95,1.0315789365096955,4.0
3924.8886982221156,250.97796630859375,89,89,0.9999999887640451,4.0
4675.341968677938,273.5058898925781,94,94,0.9999999893617023,4.0
5286.972751358524,293.3176155090332,71,89,0.7977528000252495,4.0
5540.8987391889095,298.93035888671875,69,82,0.8414634043723975,4.0
6103.761732661165,312.60426330566406,103,105,0.9809523716099774,4.0
5497.270174667239,296.57608795166016,100,100,0.9999999900000002,4.0
5437.341772139072,295.5380859375,71,79,0.898734165838808,4.0
5617.563441976905,300.17315673828125,77,84,0.9166666557539684,4.0
4974.514148723334,282.2101593017578,79,75,1.0533333192888892,4.0
5463.22071856074,295.88182067871094,81,75,1.0799999856000002,4.0
6166.550653204322,315.103515625,74,86,0.8604651062736616,4.0
3847.2334379199892,249.90553665161133,82,89,0.9213483042545134,4.0
5589.27994197607,299.18846130371094,101,99,1.0202020098969493,4.0
4856.237008789554,278.8164291381836,93,95,0.9789473581163436,4.0
3336.548174770549,232.25498580932617,76,82,0.9268292569898872,4.0
5368.702542670071,293.36341857910156,99,96,1.0312499892578126,4.0
5647.240603618324,301.0073928833008,98,93,1.0537634295294256,4.0
5499.987824708223,296.6587677001953,87,86,1.011627895213629,4.0
4049.2169462405145,256.40965270996094,88,93,0.9462365489651984,4.0
5516.388536442071,297.52960205078125,100,96,1.0416666558159724,4.0
6172.585692062974,314.6219787597656,107,104,1.0288461439534025,4.0
5513.6114740315825,297.62445068359375,70,80,0.8749999890625002,4.0
5308.906719490886,291.45130920410156,95,95,0.9999999894736844,4.0
4467.185529466718,267.39925384521484,89,88,1.011363624870868,4.0
5406.222519032657,294.10833740234375,98,98,0.9999999897959185,4.0
4848.948336732574,278.9839859008789,98,99,0.9898989799000103,4.0
4000.8475758694112,255.2210693359375,78,88,0.8863636262913225,4.0
5238.371602892876,290.13185119628906,76,84,0.9047618939909299,4.0
3847.8742916528136,248.44125747680664,86,83,1.0361445658295836,4.0
5053.644275316969,285.52867126464844,90,79,1.1392404919083483,4.0
3894.162856995128,251.85910034179688,83,90,0.9222222119753087,4.0
5186.301598828286,288.19342041015625,97,95,1.021052620831025,4.0
5017.248530354351,283.3696975708008,95,96,0.9895833230251737,4.0
3854.7364694066346,250.86209869384766,83,89,0.9325842591844465,4.0
5032.289547913708,283.75648498535156,97,97,0.9999999896907218,4.0
5272.289651947096,290.59059143066406,99,97,1.0206185461791903,4.0
6339.934376165271,319.7415771484375,73,88,0.8295454451188018,4.0
5155.4774068091065,287.4934616088867,85,79,1.0759493534689955,4.0
4814.368927642703,278.2838134765625,65,76,0.8552631466412745,4.0
5123.373850340024,286.63507080078125,69,76,0.9078947248961221,4.0
4932.164501033723,282.12884521484375,65,78,0.8333333226495728,4.0
6288.812520157546,317.29042053222656,106,107,0.9906541963490262,4.0
5087.967447414994,285.4881896972656,95,92,1.0326086844281666,4.0
4341.179454881698,263.69541931152344,71,75,0.9466666540444446,4.0
5565.508126683533,298.7754592895508,79,85,0.9294117537716264,4.0
4916.423319440335,281.6397705078125,87,77,1.129870115196492,4.0
3684.394272096455,243.37200927734375,85,81,1.0493827030940408,4.0
6320.409784067422,318.00701904296875,81,80,1.0124999873437501,4.0
4930.035856254399,280.8571014404297,89,89,0.9999999887640451,4.0
4408.848747976124,266.4671630859375,62,73,0.8493150568586979,4.0
4199.89852390904,259.8206443786621,84,78,1.076923063116371,4.0
4689.7109335027635,273.9339828491211,77,77,0.9999999870129872,4.0
5416.777371488512,294.3971862792969,96,95,1.0105263051523548,4.0
4362.955539495684,264.2210998535156,70,71,0.985915479071613,4.0
3913.1274643195793,251.0941925048828,83,88,0.9431818074638432,4.0
5150.580523133278,287.1460723876953,98,96,1.0208333226996529,4.0
4919.998363432474,280.76395416259766,92,95,0.9684210424376732,4.0
6314.162010470405,318.0048141479492,95,91,1.0439560324839996,4.0
4765.095200896263,276.761474609375,66,75,0.8799999882666668,4.0
5316.021797608584,291.99346923828125,70,77,0.9090908972845338,4.0
5309.951990328729,291.7441711425781,81,75,1.0799999856000002,4.0
2804.6627390496433,212.37084197998047,72,74,0.9729729598246898,4.0
5616.144677601755,300.1535186767578,102,98,1.0408163159100376,4.0
5275.736050799489,290.92762756347656,75,82,0.9146341351873887,4.0
3748.7758189234883,246.0006561279297,87,83,1.048192758455509,4.0
4745.721106816083,276.89183044433594,86,74,1.1621621464572682,4.0
5021.064888656139,283.5817413330078,82,79,1.037974670405384,4.0
4885.62532088533,280.37591552734375,66,77,0.8571428460111319,4.0
5168.468502983451,287.8726806640625,69,76,0.9078947248961221,4.0
5268.21989797242,291.8207550048828,70,84,0.8333333234126985,4.0
5184.108887989074,288.1983184814453,94,90,1.0444444328395064,4.0
5215.969444045797,288.8964538574219,82,82,0.9999999878048782,4.0
5381.206916136667,293.6267623901367,98,95,1.0315789365096955,4.0
3207.5087086688727,227.55681228637695,76,80,0.9499999881250002,4.0
4354.141282369383,264.57537841796875,67,76,0.8815789357686983,4.0
3990.9863172620535,254.78274536132812,81,68,1.1911764530709346,4.0
3447.766650404781,235.43440628051758,81,77,1.051948038286389,4.0
4162.154222720303,258.55615234375,93,91,1.0219780107474945,4.0
4498.490012058988,268.44664001464844,93,92,1.0108695542296788,4.0
3856.039352606982,248.96897888183594,89,88,1.011363624870868,4.0
5217.192640852183,288.92218017578125,94,95,0.9894736737950139,4.0
5531.078843673691,297.8870544433594,98,93,1.0537634295294256,4.0
5641.775842566043,300.46141815185547,85,84,1.0119047498582767,4.0
5678.473947323859,301.7308349609375,78,84,0.928571417517007,4.0
3602.7159504015,240.6612777709961,85,82,1.0365853532123739,4.0
4916.2802881198,280.86038970947266,85,79,1.0759493534689955,4.0
5508.27508328855,296.95448303222656,99,97,1.0206185461791903,4.0
4860.419122722,278.98284912109375,99,99,0.99999998989899,4.0
3330.854928502813,231.9599380493164,73,79,0.9240506212145492,4.0
5849.147373157553,306.01949310302734,86,82,1.0487804750148724,4.0
5167.759226415306,287.92323303222656,87,81,1.0740740608139006,4.0
4726.470939472318,275.91143798828125,65,75,0.8666666551111113,4.0
5110.038091409951,286.269775390625,69,76,0.9078947248961221,4.0
4172.624617641792,258.5831184387207,93,92,1.0108695542296788,4.0
4679.009155187756,273.6165542602539,93,93,0.9999999892473119,4.0
6297.990733560175,318.8946838378906,75,89,0.8426966197449818,4.0
4249.196775714867,262.0495414733887,89,93,0.9569892370216211,4.0
5442.498774677515,295.32586669921875,100,97,1.0309278244234246,4.0
6084.5917947255075,312.02496337890625,82,81,1.012345666514251,4.0
5207.437134845182,289.1017761230469,96,91,1.0549450433522523,4.0
5192.158121291548,288.3673095703125,85,82,1.0365853532123739,4.0
4273.357695005834,262.2558364868164,94,93,1.0107526773037347,4.0
4749.145006790757,275.7157440185547,95,93,1.0215053653601573,4.0
5656.747338714078,301.2458724975586,82,74,1.1081080931336744,4.0
5840.71890598163,305.7229537963867,87,85,1.0235293997231836,4.0
5421.092001473531,294.79254150390625,71,78,0.9102563985864565,4.0
5375.911753328517,294.03521728515625,69,80,0.8624999892187502,4.0
5207.299839869142,289.0742950439453,95,90,1.0555555438271607,4.0
5016.127555951476,283.3455810546875,82,81,1.012345666514251,4.0
4387.62324927561,265.0081024169922,86,84,1.0238095116213153,4.0
4460.530026499182,267.1629333496094,75,75,0.9999999866666669,4.0
4001.1033233022317,253.2805633544922,91,90,1.0111110998765434,4.0
4664.603599320166,273.3079299926758,93,92,1.0108695542296788,4.0
5863.403088182211,306.552001953125,81,74,1.094594579802776,4.0
6000.579580038786,309.9281463623047,103,104,0.9903846058616865,4.0
5618.552233725786,301.0152587890625,69,83,0.8313252911888519,4.0
5459.924503952265,295.570556640625,79,78,1.0128204998356347,4.0
5342.078536063433,292.4955291748047,83,87,0.9540229775399658,4.0
4414.23776870314,266.4147529602051,86,80,1.0749999865625002,4.0
4498.352186948061,268.46585845947266,82,77,1.0649350511047397,4.0
4695.9495386481285,274.2500991821289,95,93,1.0215053653601573,4.0
4056.8579004853964,255.39995574951172,91,90,1.0111110998765434,4.0
5278.361391385086,291.226318359375,73,82,0.8902438915823916,4.0
5124.17234909907,287.4306640625,87,75,1.1599999845333335,4.0
4261.672959309071,262.0029106140137,92,86,1.069767429421309,4.0
6387.428764418699,319.9050521850586,88,92,0.9565217287334595,4.0
3998.8933631181717,255.2757568359375,91,85,1.070588222698962,4.0
4229.129404264502,262.16861724853516,83,68,1.220588217344291,4.0
5674.04028612189,301.7267074584961,103,100,1.0299999897,4.0
3560.9401073064655,238.89764785766602,81,83,0.9759036026999566,4.0
5469.519282376394,296.8869323730469,70,83,0.8433734838147773,4.0
5704.4975812621415,302.2997131347656,90,85,1.0588235169550175,4.0
5948.385434001684,309.0930938720703,77,86,0.8953488267982694,4.0
4960.5726961568,282.3236083984375,67,76,0.8815789357686983,4.0
5439.057464264333,296.1475830078125,68,81,0.8395061624752326,4.0
5131.8987017683685,287.1094741821289,97,91,1.065934054220505,4.0
4595.234523046762,271.3002014160156,85,88,0.9659090799328514,4.0
5849.470024868846,306.2945861816406,77,85,0.9058823422837372,4.0
5984.857251003385,309.65753173828125,84,78,1.076923063116371,4.0
3888.8758375104517,250.8648223876953,85,89,0.9550561690443128,4.0
5613.813452443108,299.9929428100586,102,98,1.0408163159100376,4.0
5557.284394448623,298.53426361083984,100,96,1.0416666558159724,4.0
3448.1676747351885,236.3337173461914,74,81,0.9135802356348119,4.0
5351.221305908635,292.61653900146484,98,99,0.9898989799000103,4.0
5373.425633791834,294.53948974609375,68,81,0.8395061624752326,4.0
5723.014545265585,302.74962615966797,82,77,1.0649350511047397,4.0
5213.248725071549,288.83641052246094,93,92,1.0108695542296788,4.0
4385.072860702872,265.8978271484375,61,73,0.835616426909364,4.0
6308.71823630482,318.7691192626953,78,90,0.8666666570370372,4.0
5284.222144044936,291.3162155151367,75,84,0.8928571322278913,4.0
3918.9757602512836,250.93963623046875,87,84,1.0357142733843538,4.0
4942.266830042936,282.40413665771484,86,75,1.1466666513777781,4.0
4283.277695693076,262.0410690307617,78,73,1.0684931360480392,4.0
4418.20814395044,265.98897552490234,85,82,1.0365853532123739,4.0
4515.703805998899,270.6913070678711,91,97,0.9381443202253164,4.0
5905.208756474778,307.3822937011719,100,100,0.9999999900000002,4.0
6129.346935966983,313.2121353149414,108,109,0.9908256789832507,4.0
5488.831697523594,297.7333984375,68,82,0.829268282569899,4.0
6678.355440080166,327.25390625,79,87,0.9080459665741843,4.0
5129.630525149405,286.4872741699219,93,94,0.9893616916025352,4.0
3836.024169815704,248.03312301635742,89,88,1.011363624870868,4.0
4154.074069689959,258.84894943237305,90,93,0.9677419250780438,4.0
5610.333661340177,299.8168487548828,100,97,1.0309278244234246,4.0
6653.485335767269,327.65234375,75,90,0.8333333240740742,4.0
5142.79498924315,286.8562316894531,94,94,0.9999999893617023,4.0
4834.991837656125,278.68829345703125,66,75,0.8799999882666668,4.0
5835.098270885646,306.38551330566406,78,88,0.8863636262913225,4.0
5245.5919880867,289.7114715576172,91,92,0.9891304240311911,4.0
4444.461477063596,267.6785888671875,62,73,0.8493150568586979,4.0
5336.05023060739,292.5271301269531,94,89,1.0561797634137104,4.0
5774.3048353958875,304.2883529663086,90,83,1.084337336333285,4.0
4725.108906263486,274.98494720458984,98,98,0.9999999897959185,4.0
9178.597780551761,383.2294921875,97,96,1.0104166561414931,4.0
4150.167826734483,259.35068130493164,82,90,0.9111111009876545,4.0
4159.17785711959,258.3275604248047,92,92,0.999999989130435,4.0
4819.295065887272,277.7717514038086,96,94,1.0212765848800363,4.0
5612.78285112977,299.70489501953125,101,102,0.990196068723568,4.0
5577.334408722818,299.32843017578125,71,81,0.8765431990550223,4.0
3847.3895039111376,249.60262298583984,81,88,0.9204545349948349,4.0
5407.467128610238,294.18346405029297,99,98,1.0102040713244482,4.0
5079.835089224391,285.09667205810547,96,97,0.9896907114464876,4.0
5336.396107607521,292.4887924194336,75,82,0.9146341351873887,4.0
6119.921575203538,312.94384765625,80,78,1.0256410124917819,4.0
5239.688363932073,290.2115783691406,73,82,0.8902438915823916,4.0
3730.4103948194534,244.75165557861328,85,82,1.0365853532123739,4.0
4836.233787231147,279.37418365478516,87,75,1.1599999845333335,4.0
5470.069188717753,295.98462677001953,97,93,1.0430107414730028,4.0
4144.459254201502,257.69183349609375,63,68,0.9264705746107269,4.0
4845.524966344237,279.83094787597656,66,80,0.8249999896875001,4.0
5935.564425045624,308.1901626586914,102,103,0.9902912525214441,4.0
6.259046610444784,33.5732421875,2,18,0.11111110493827195,4.0
5612.331533009186,300.2537155151367,76,85,0.8941176365397926,4.0
5118.69553283602,286.4676971435547,94,90,1.0444444328395064,4.0
5078.122539414093,285.0476303100586,82,81,1.012345666514251,4.0
3850.5716772563756,249.7648468017578,83,89,0.9325842591844465,4.0
5005.949553638697,283.13592529296875,96,94,1.0212765848800363,4.0
4918.827793177217,280.5782928466797,95,96,0.9895833230251737,4.0
6032.260105056688,311.6445007324219,75,87,0.8620689556084028,4.0
4437.063049508259,266.77060317993164,87,84,1.0357142733843538,4.0
4431.010799448937,266.8220672607422,80,73,1.095890395946707,4.0
5252.603729305789,290.0399856567383,96,93,1.0322580534165802,4.0
5349.046073809266,292.5561065673828,82,83,0.9879517953258821,4.0
6273.9248003466055,317.0067596435547,106,108,0.9814814723936901,4.0
5452.047785170376,296.01019287109375,70,80,0.8749999890625002,4.0
4633.057014003396,273.2030029296875,63,75,0.8399999888000002,4.0
5377.8451773151755,293.4773864746094,97,95,1.021052620831025,4.0
5876.3116979599,306.91357421875,81,75,1.0799999856000002,4.0
5158.16667857673,287.73084259033203,75,82,0.9146341351873887,4.0
3939.0754357613623,251.53892517089844,87,84,1.0357142733843538,4.0
4610.911308746785,273.0702362060547,83,70,1.1857142687755104,4.0
4924.944520447403,281.21768951416016,79,72,1.0972222069830249,4.0
5384.104945324361,293.5214309692383,79,77,1.0259740126496881,4.0
3875.2346975514665,250.84186553955078,82,89,0.9213483042545134,4.0
4987.825859233737,282.49815368652344,94,94,0.9999999893617023,4.0
5343.812794608995,292.8544235229492,94,99,0.9494949399040915,4.0
4873.711473333649,279.9033660888672,80,88,0.9090908987603307,4.0
5218.208574280143,289.1998291015625,95,91,1.0439560324839996,4.0
5387.952588431537,294.1886291503906,96,90,1.066666654814815,4.0
5711.553968338296,302.3278045654297,89,87,1.022988493988638,4.0
5265.496504716575,291.1140594482422,89,80,1.1124999860937501,4.0
4780.707615852356,277.3712158203125,65,75,0.8666666551111113,4.0
5006.38905338943,283.3568115234375,69,75,0.9199999877333336,4.0
4876.414864808321,280.17767333984375,66,76,0.8684210412049863,4.0
6085.376775272191,312.0354766845703,101,101,0.99999999009901,4.0
4015.7900603078306,254.77814865112305,89,91,0.9780219672744839,4.0
5697.019703863189,302.0197982788086,101,99,1.0202020098969493,4.0
5777.316078004427,304.0427017211914,103,103,0.9999999902912623,4.0
5595.751814845949,299.78704833984375,71,80,0.8874999889062501,4.0
5258.668424867094,290.37855529785156,85,80,1.0624999867187501,4.0
4663.0090406592935,274.14837646484375,64,75,0.8533333219555558,4.0
4926.778080487624,280.98785400390625,69,74,0.9324324198319943,4.0
5106.535751543939,286.2789611816406,85,78,1.0897435757725182,4.0
4921.958606228232,281.49847412109375,66,77,0.8571428460111319,4.0
5248.484688814729,290.0927734375,70,77,0.9090908972845338,4.0
5904.18770448491,307.42015075683594,103,104,0.9903846058616865,4.0
5492.0036534406245,296.956298828125,71,79,0.898734165838808,4.0
6027.412709850818,310.65848541259766,101,102,0.990196068723568,4.0
5388.260934434831,294.7274169921875,68,81,0.8395061624752326,4.0
4942.396001286805,281.9102783203125,67,76,0.8815789357686983,4.0
5494.349185273051,296.64300537109375,98,95,1.0315789365096955,4.0
5259.988511964679,290.3364715576172,81,76,1.065789459660665,4.0
5529.899286516011,297.7016067504883,90,85,1.0588235169550175,4.0
5484.881939711049,296.48846435546875,72,78,0.9230769112426037,4.0
5563.167639071122,298.85858154296875,72,80,0.8999999887500002,4.0
6119.112821483985,313.51202392578125,79,89,0.8876404394647142,4.0
3421.4440590897575,234.86917114257812,76,81,0.9382715933546717,4.0
5380.409164827317,293.6701354980469,97,94,1.0319148826392035,4.0
5156.934986984357,287.8438415527344,96,91,1.0549450433522523,4.0
5379.312059145421,293.4103775024414,84,82,1.0243902314098752,4.0
5310.603118777275,291.6343002319336,80,76,1.052631565096953,4.0
4135.276181122288,259.4785690307617,87,93,0.9354838609087757,4.0
6200.739367570728,315.28011322021484,108,104,1.0384615284763314,4.0
4696.735036969185,275.329833984375,63,76,0.8289473575138506,4.0
5131.2535477131605,286.9962158203125,69,77,0.8961038844661834,4.0
5350.952449398115,292.65736389160156,84,82,1.0243902314098752,4.0
5667.152826802805,301.19410705566406,88,85,1.0352941054671283,4.0
5640.783505514264,300.54949951171875,74,78,0.9487179365548983,4.0
5670.533234579489,301.72149658203125,72,81,0.8888888779149522,4.0
5495.923289477825,296.7155075073242,101,98,1.0306122343815078,4.0
3592.021797377616,241.08031463623047,79,84,0.9404761792800456,4.0
5140.783357400447,286.79705810546875,93,93,0.9999999892473119,4.0
3672.6256831940264,243.17423629760742,87,86,1.011627895213629,4.0
5917.532861577347,308.2736358642578,82,91,0.9010988911967155,4.0
7123.051476499066,337.9738006591797,111,106,1.0471698014417943,5.0
7180.18879211694,338.9830780029297,108,107,1.0093457849593852,5.0
7401.365669641644,344.1431121826172,103,104,0.9903846058616865,5.0
7949.60455287341,356.7157745361328,116,114,1.0175438507232997,5.0
7459.266992628574,345.50071716308594,104,106,0.9811320662157352,5.0
7270.425551192835,341.2359924316406,110,106,1.0377358392666431,5.0
6338.507277227938,319.12408447265625,110,105,1.0476190376417234,5.0
7872.435303555336,354.9227600097656,116,115,1.0086956434026466,5.0
6784.431164238602,329.66937255859375,87,81,1.0740740608139006,5.0
7532.1616671569645,347.31471252441406,110,106,1.0377358392666431,5.0
5963.00467258133,308.93214416503906,108,109,0.9908256789832507,5.0
7535.083469578996,347.22132873535156,123,123,0.9999999918699188,5.0
11945.384812911972,437.19122314453125,110,111,0.9909909820631443,5.0
6961.226456165314,333.8339385986328,110,112,0.9821428483737246,5.0
7146.080384341069,339.4235153198242,120,115,1.0434782517958414,5.0
8004.406902082264,357.9973678588867,126,124,1.0161290240634757,5.0
6991.670855505392,334.6338348388672,117,118,0.9915254153260559,5.0
7805.024064452387,353.46014404296875,115,117,0.9829059745050771,5.0
7756.489491730928,352.55875396728516,124,123,1.0081300731046337,5.0
6473.892422894016,321.8510971069336,115,114,1.008771920975685,5.0
7005.0182107826695,334.84830474853516,110,108,1.0185185090877915,5.0
7343.500481073745,342.8979797363281,116,114,1.0175438507232997,5.0
6871.384197157808,332.03966522216797,116,118,0.9830508391266878,5.0
6636.790750384331,326.02860260009766,102,98,1.0408163159100376,5.0
8631.169298266992,371.62542724609375,95,93,1.0215053653601573,5.0
7114.346099155955,337.46756744384766,106,103,1.0291262036007165,5.0
8016.687473533675,358.16815185546875,91,90,1.0111110998765434,5.0
7488.426518715918,346.7618103027344,117,111,1.0540540445580717,5.0
7492.367861258797,347.1623306274414,122,124,0.9838709598074923,5.0
7205.622764309868,339.8315734863281,113,109,1.0366972381954382,5.0
7277.184850160964,341.2590103149414,108,107,1.0093457849593852,5.0
8043.075957408175,358.9071807861328,107,112,0.9553571343271685,5.0
7104.4466111287475,337.3885803222656,120,120,0.9999999916666668,5.0
7568.199625518173,348.0817184448242,123,124,0.9919354758714881,5.0
7818.060189053416,353.7009048461914,118,117,1.0085469999269487,5.0
7692.723155222833,350.84735107421875,90,88,1.0227272611053722,5.0
7230.112177118659,340.2428894042969,114,111,1.0270270177745313,5.0
7579.390448525548,348.4264602661133,113,110,1.0272727179338843,5.0
7075.45085094776,336.922119140625,118,120,0.9833333251388889,5.0
7308.499695729464,342.0273666381836,121,121,0.9999999917355373,5.0
7483.377165824175,346.82537841796875,120,123,0.9756097481657744,5.0
6751.570275285281,328.77550506591797,106,104,1.0192307594304735,5.0
7137.563140042126,338.1263732910156,106,103,1.0291262036007165,5.0
7731.461594983935,351.7228546142578,107,106,1.009433952741189,5.0
8322.849587822333,364.92047119140625,92,92,0.999999989130435,5.0
6553.3427083157,324.0592041015625,101,98,1.0306122343815078,5.0
7030.999511320144,335.43089294433594,105,104,1.0096153749075445,5.0
6543.329149466008,323.56929779052734,105,104,1.0096153749075445,5.0
7646.1504145320505,349.8060760498047,102,104,0.9807692213387575,5.0
7652.2434765324,349.91432189941406,111,110,1.0090908999173556,5.0
7773.135522397235,352.7339782714844,124,125,0.9919999920640001,5.0
7565.577334947884,348.07891845703125,117,120,0.9749999918750001,5.0
8795.584246428683,375.14996337890625,94,96,0.9791666564670141,5.0
6922.206738064997,332.93917083740234,103,100,1.0299999897,5.0
7416.350085472688,344.7966995239258,122,120,1.0166666581944446,5.0
6837.818367663771,331.5024871826172,117,113,1.0353982209256796,5.0
8311.15877074562,365.3322982788086,111,119,0.932773101405268,5.0
6646.661536134779,326.2761993408203,114,115,0.9913043392060492,5.0
7506.709518271498,346.95250701904297,120,122,0.9836065493147005,5.0
8167.678825557232,361.5008544921875,91,92,0.9891304240311911,5.0
6564.751723892987,324.18141174316406,100,98,1.020408152852978,5.0
6742.285981206223,329.55001068115234,117,112,1.0446428478156888,5.0
7843.888226640411,354.32411193847656,113,111,1.0180180088466846,5.0
6795.853540403768,329.78395080566406,105,107,0.9813084020438467,5.0
7149.520067410544,338.42279052734375,107,103,1.0388349413705347,5.0
7542.262357778847,347.5194091796875,101,106,0.9528301796902814,5.0
8162.307187408209,361.3919372558594,115,114,1.008771920975685,5.0
8615.77629645262,371.99878692626953,125,119,1.0504201592401667,5.0
7252.85104591772,341.1255187988281,118,121,0.9752066035106892,5.0
7935.173117138911,356.32820892333984,116,116,0.9999999913793104,5.0
6904.734724879265,332.4869384765625,86,82,1.0487804750148724,5.0
7774.127709792927,352.9779968261719,112,108,1.0370370274348424,5.0
6311.367838894948,317.9326477050781,111,113,0.9823008762628241,5.0
6922.248429506086,332.87684631347656,117,118,0.9915254153260559,5.0
7880.621079431847,355.10247802734375,116,117,0.9914529829790344,5.0
6886.587378848344,332.0537109375,102,98,1.0408163159100376,5.0
8289.821206536144,364.21075439453125,92,93,0.9892473011908892,5.0
9055.450477490202,380.7158966064453,118,121,0.9752066035106892,5.0
8596.304611802101,370.9711456298828,127,130,0.9769230694082841,5.0
6389.394708506763,319.8878936767578,110,111,0.9909909820631443,5.0
7713.423751207069,351.58507537841797,125,125,0.9999999920000001,5.0
8341.324994578958,365.3570556640625,91,93,0.9784946131344665,5.0
7030.4906203486025,335.44217681884766,103,101,1.0198019701009706,5.0
7359.804739959538,343.311279296875,121,122,0.9918032705589896,5.0
7609.282132904977,348.9545440673828,111,112,0.9910714197225766,5.0
6941.289959369227,333.35233306884766,111,113,0.9823008762628241,5.0
7183.613102322444,339.36914825439453,107,101,1.0594059301048917,5.0
8312.070740852505,364.68719482421875,93,92,1.0108695542296788,5.0
6914.577064532787,333.1738052368164,114,109,1.0458715500378757,5.0
6472.727965533733,322.34104919433594,112,114,0.982456131732841,5.0
6993.994641125202,334.77915954589844,118,119,0.9915966303227174,5.0
7654.176845385693,350.02735900878906,116,117,0.9914529829790344,5.0
7875.643795215525,355.3810806274414,126,125,1.007999991936,5.0
7067.617127105594,336.2892303466797,118,118,0.9999999915254238,5.0
7588.4272145442665,348.4472351074219,113,113,0.9999999911504426,5.0
6901.465930934995,332.3695068359375,110,112,0.9821428483737246,5.0
6873.950169116259,331.9190139770508,105,100,1.0499999895,5.0
8074.844295836985,359.58746337890625,88,94,0.9361702028067,5.0
7525.93308832217,347.01107025146484,112,113,0.9911504337066334,5.0
6956.33508464694,333.712158203125,86,82,1.0487804750148724,5.0
7589.38924176991,348.9902572631836,113,106,1.066037725792097,5.0
6437.530627796426,321.10968017578125,112,114,0.982456131732841,5.0
8018.858243711293,358.1951904296875,91,91,0.9999999890109892,5.0
6639.795628993772,326.0960464477539,102,98,1.0408163159100376,5.0
8200.725193619728,362.251708984375,91,93,0.9784946131344665,5.0
6733.3665212458,328.3561325073242,103,99,1.0404040298949089,5.0
8135.483776692301,361.29913330078125,119,112,1.062499990513393,5.0
7614.153258496895,349.1227569580078,123,124,0.9919354758714881,5.0
7610.3565406333655,349.10430908203125,112,115,0.9739130350094519,5.0
7010.295026823878,334.9309768676758,112,113,0.9911504337066334,5.0
7510.206962632015,346.66082763671875,122,122,0.9999999918032788,5.0
7448.700590500608,345.4168701171875,110,114,0.9649122722376117,5.0
6872.95583470352,331.8178482055664,109,112,0.9732142770248725,5.0
7034.564940148033,335.9061737060547,112,107,1.0467289621801033,5.0
7224.084262281656,340.0568313598633,108,106,1.0188679149163404,5.0
7774.492930604145,352.7440948486328,103,106,0.971698104040584,5.0
6576.590461007319,324.50806427001953,106,104,1.0192307594304735,5.0
7184.7240328956395,339.34861755371094,108,104,1.0384615284763314,5.0
7397.107566736639,344.043212890625,101,102,0.990196068723568,5.0
8142.747780997306,360.971435546875,91,93,0.9784946131344665,5.0
6620.048880534247,325.6640930175781,102,97,1.051546380911893,5.0
7273.904264898971,341.1492919921875,121,121,0.9999999917355373,5.0
7594.685594432987,348.637451171875,110,113,0.9734513188190149,5.0
7079.415380984545,336.6265106201172,112,114,0.982456131732841,5.0
6767.991652733646,329.4938735961914,112,109,1.0275229263530008,5.0
7126.412083844654,338.2462921142578,119,120,0.9916666584027779,5.0
8108.767492429353,360.2489013671875,120,122,0.9836065493147005,5.0
7754.997642539442,352.2503662109375,89,89,0.9999999887640451,5.0
8158.20423963666,361.5272521972656,115,111,1.0360360267023783,5.0
6955.900054186583,333.74078369140625,117,118,0.9915254153260559,5.0
7274.395446561277,341.60906982421875,122,121,1.0082644544771533,5.0
6751.2644922034815,329.6809539794922,117,113,1.0353982209256796,5.0
6502.678445783444,322.5886764526367,104,103,1.0097087280610804,5.0
6880.2221597936,331.89060974121094,106,104,1.0192307594304735,5.0
7609.0906537771225,348.9205017089844,103,103,0.9999999902912623,5.0
6784.684247707017,329.5774917602539,116,117,0.9914529829790344,5.0
7564.685951149091,348.1007843017578,119,116,1.0258620601218789,5.0
6826.240561727434,330.6028823852539,103,99,1.0404040298949089,5.0
8026.618282606825,358.37335205078125,90,91,0.9890109781427365,5.0
7025.893413964659,335.2825927734375,108,107,1.0093457849593852,5.0
7313.802957496606,342.11241912841797,108,106,1.0188679149163404,5.0
7437.541916940361,344.9659118652344,102,102,0.9999999901960785,5.0
7304.989183060825,342.41139221191406,115,111,1.0360360267023783,5.0
7094.645989863202,336.9368591308594,106,105,1.0095237999092972,5.0
7841.376526717097,354.20677947998047,106,106,0.9999999905660378,5.0
6565.676296476275,324.12457275390625,104,104,0.9999999903846155,5.0
6767.3881081854925,329.14745330810547,103,101,1.0198019701009706,5.0
7332.455402251333,342.5374755859375,102,103,0.9902912525214441,5.0
8536.794513523579,369.5791015625,93,94,0.9893616916025352,5.0
6488.051902008243,322.19840240478516,97,98,0.9897959082673887,5.0
7007.31576812081,334.9178771972656,104,101,1.029702960101951,5.0
8374.848526746035,366.073486328125,93,92,1.0108695542296788,5.0
7551.258822269738,347.6208953857422,115,114,1.008771920975685,5.0
6939.944969628006,333.40277099609375,87,81,1.0740740608139006,5.0
7419.564165163785,345.0003204345703,110,104,1.0576922975221894,5.0
6265.829879121855,316.8728942871094,111,112,0.9910714197225766,5.0
8208.495243743062,362.4122314453125,91,92,0.9891304240311911,5.0
6260.6872227480635,316.6066207885742,96,93,1.0322580534165802,5.0
6497.235292194411,322.44691467285156,105,104,1.0096153749075445,5.0
6865.647160040215,331.54380798339844,105,102,1.0294117546136103,5.0
7522.5761134866625,346.94620513916016,106,106,0.9999999905660378,5.0
6930.537487025373,333.2816390991211,113,110,1.0272727179338843,5.0
6641.201865403913,326.38008880615234,114,116,0.9827586122175982,5.0
7433.368452460505,344.9775695800781,105,102,1.0294117546136103,5.0
8465.906484620646,368.04302978515625,93,92,1.0108695542296788,5.0
6872.848688740283,332.0497360229492,105,99,1.0606060498928682,5.0
8428.904224995524,367.23638916015625,93,93,0.9999999892473119,5.0
7513.082253141329,346.7624740600586,114,113,1.008849548594252,5.0
6844.950336769223,331.08111572265625,87,81,1.0740740608139006,5.0
7896.992866359651,355.7472381591797,112,107,1.0467289621801033,5.0
5913.606953598559,307.6162872314453,108,108,0.9999999907407409,5.0
6725.414424655028,328.67152404785156,116,111,1.045045035630225,5.0
7942.236433252692,356.5537109375,114,112,1.0178571337691327,5.0
7431.165352139622,345.1856689453125,119,121,0.9834710662523053,5.0
7992.795895984396,358.2142868041992,127,124,1.0241935401274715,5.0
7273.341775197536,341.1598358154297,121,121,0.9999999917355373,5.0
7856.17203027755,354.5403594970703,114,115,0.9913043392060492,5.0
7086.152827793732,336.8192825317383,111,113,0.9823008762628241,5.0
7832.792086545378,354.01544189453125,89,89,0.9999999887640451,5.0
8236.439053117763,363.0270767211914,124,123,1.0081300731046337,5.0
8203.85432829149,362.5748977661133,116,112,1.0357142764668368,5.0
6335.597535109147,318.46031951904297,112,112,0.9999999910714287,5.0
7661.435758586973,350.1613464355469,123,124,0.9919354758714881,5.0
7752.345234749839,352.2527542114258,111,114,0.9736842019852263,5.0
7539.163102181628,347.5273895263672,114,117,0.9743589660311199,5.0
6429.133912769146,320.90252685546875,100,96,1.0416666558159724,5.0
8155.479021286592,361.24102783203125,91,92,0.9891304240311911,5.0
7806.390881239437,353.41825103759766,113,114,0.9912280614804556,5.0
7665.977308474481,350.23934173583984,123,123,0.9999999918699188,5.0
6866.124136382714,332.04222869873047,111,115,0.9652173829111532,5.0
7017.476920634508,336.3033447265625,120,115,1.0434782517958414,5.0
7093.623740194831,337.08174896240234,118,119,0.9915966303227174,5.0
8157.562436744571,361.28016662597656,118,119,0.9915966303227174,5.0
7558.768059063703,347.7654342651367,112,113,0.9911504337066334,5.0
7700.1480745226145,351.25767517089844,111,106,1.0471698014417943,5.0
6735.664990849793,328.58087158203125,87,80,1.0874999864062502,5.0
6221.294830320403,315.7696075439453,110,112,0.9821428483737246,5.0
7819.809648523107,353.9343719482422,115,111,1.0360360267023783,5.0
7829.953445322812,353.97540283203125,90,88,1.0227272611053722,5.0
7194.068163124844,339.3171157836914,120,120,0.9999999916666668,5.0
7516.205226032995,347.4559020996094,118,112,1.053571419164541,5.0
8182.152710901573,363.0439147949219,122,113,1.0796460081447257,5.0
8917.723704320379,378.08948516845703,134,135,0.9925925852400549,5.0
7759.641221704893,352.4900131225586,112,115,0.9739130350094519,5.0
7382.781025849283,343.69932556152344,121,120,1.0083333249305557,5.0
6800.848043775186,330.04359436035156,110,113,0.9734513188190149,5.0
7123.495129592717,338.0375518798828,115,110,1.0454545359504133,5.0
6739.4590141950175,328.94290924072266,113,116,0.974137922636742,5.0
7963.184188500047,357.31309509277344,116,110,1.0545454449586777,5.0
7858.630264552776,354.660888671875,118,115,1.026086947599244,5.0
6964.862418409437,333.90093994140625,87,83,1.048192758455509,5.0
8010.322368077934,358.4017639160156,114,108,1.055555545781893,5.0
6679.846273176372,327.02823638916016,115,116,0.9913793017984543,5.0
7021.2026559636,335.2272262573242,103,101,1.0198019701009706,5.0
8504.127144366503,368.87152099609375,93,93,0.9999999892473119,5.0
6890.18234917894,332.22454833984375,116,117,0.9914529829790344,5.0
7861.423302307725,354.77850341796875,115,112,1.0267857051179847,5.0
8091.137723818421,359.80775451660156,113,113,0.9999999911504426,5.0
7291.95798400417,341.7182312011719,109,105,1.0380952282086169,5.0
7061.67409260571,336.3444366455078,92,97,0.9484535984695506,5.0
6375.010242890567,319.3753433227539,102,101,1.0099009800999903,5.0
6985.906898774207,334.5639190673828,108,104,1.0384615284763314,5.0
7321.601502502337,342.2660217285156,100,100,0.9999999900000002,5.0
6969.807021006942,334.53802490234375,115,118,0.9745762629273198,5.0
6898.0562181063,332.2804260253906,117,118,0.9915254153260559,5.0
7762.70350543689,352.4258270263672,114,114,0.9999999912280703,5.0
6971.463249601424,334.15953063964844,111,114,0.9736842019852263,5.0
6603.243041368201,325.0544204711914,116,115,1.0086956434026466,5.0
7394.181884863414,343.9577865600586,116,115,1.0086956434026466,5.0
7767.306667640805,352.54931640625,90,88,1.0227272611053722,5.0
7019.791337283328,335.25230407714844,118,119,0.9915966303227174,5.0
7607.9600690165535,348.94640350341797,117,115,1.0173912955009452,5.0
7199.778435710818,339.6927185058594,109,105,1.0380952282086169,5.0
7543.386886009015,347.49339294433594,122,123,0.991869910635204,5.0
7412.430585336871,344.3827438354492,115,115,0.9999999913043479,5.0
7277.928162664175,341.2681884765625,111,112,0.9910714197225766,5.0
7050.496533282101,335.9752197265625,87,83,1.048192758455509,5.0
7685.224085280672,351.02870178222656,110,105,1.0476190376417234,5.0
6342.139594508335,318.69776916503906,111,113,0.9823008762628241,5.0
7413.375201255083,345.2885437011719,118,111,1.0630630534859185,5.0
7200.11838304624,339.8779602050781,119,120,0.9916666584027779,5.0
7067.014161116444,336.31441497802734,108,107,1.0093457849593852,5.0
7098.690030593425,337.02674865722656,108,107,1.0093457849593852,5.0
8069.84902748093,359.3849639892578,108,110,0.9818181728925621,5.0
9557.012632012367,391.0452880859375,99,99,0.99999998989899,5.0
6845.2035280019045,331.1692657470703,101,97,1.0412371026676588,5.0
7958.458557005972,356.9363708496094,113,111,1.0180180088466846,5.0
6805.505162240006,331.1367874145508,117,111,1.0540540445580717,5.0
6795.502583500929,329.85325622558594,116,118,0.9830508391266878,5.0
7349.046162231825,342.9154510498047,114,115,0.9913043392060492,5.0
8092.639469681308,360.3636169433594,128,125,1.023999991808,5.0
6925.967047275044,333.2986297607422,119,117,1.017094008400906,5.0
6902.771194785833,332.80604553222656,111,107,1.0373831678749237,5.0
7056.849461208098,336.09178161621094,107,104,1.0288461439534025,5.0
7600.993545368314,348.74774169921875,103,105,0.9809523716099774,5.0
7211.344966787845,339.87691497802734,119,120,0.9916666584027779,5.0
7086.778813067824,337.3595199584961,115,110,1.0454545359504133,5.0
6546.600894620642,323.9460754394531,114,115,0.9913043392060492,5.0
7742.831251441501,351.9735870361328,115,115,0.9999999913043479,5.0
7012.90684248507,335.08251953125,87,83,1.048192758455509,5.0
7521.960177324712,347.5658721923828,112,106,1.0566037636169456,5.0
6391.37163948454,319.8060073852539,111,112,0.9910714197225766,5.0
7676.066371504217,350.63726806640625,113,109,1.0366972381954382,5.0
7943.603866748512,356.50758361816406,107,106,1.009433952741189,5.0
7186.564418653026,339.2180862426758,109,106,1.0283018770914918,5.0
7062.666566764936,336.3217315673828,120,119,1.00840335287056,5.0
7995.061132781208,357.6617431640625,90,90,0.9999999888888891,5.0
6790.857345065102,329.86780548095703,102,98,1.0408163159100376,5.0
7615.554723329842,349.6383056640625,125,123,1.0162601543393484,5.0
6873.398552834988,332.59156799316406,118,113,1.0442477783694888,5.0
8284.102372309193,364.4207077026367,125,121,1.0330578427020014,5.0
6909.772749003023,333.0135192871094,116,118,0.9830508391266878,5.0
6680.950013750233,326.9537124633789,103,103,0.9999999902912623,5.0
7371.519024464302,343.4653091430664,107,106,1.009433952741189,5.0
7563.12387342751,347.87054443359375,105,105,0.9999999904761906,5.0
6552.871645103209,323.99317169189453,100,96,1.0416666558159724,5.0
8134.320677138865,360.7655029296875,91,92,0.9891304240311911,5.0
7129.546288101934,337.86067962646484,119,119,0.9999999915966388,5.0
7742.880058005452,351.9800796508789,115,116,0.9913793017984543,5.0
7294.752325589769,341.90381622314453,111,107,1.0373831678749237,5.0
7579.672482328489,348.4359588623047,113,109,1.0366972381954382,5.0
7342.818161807954,342.92350006103516,90,95,0.9473684110803325,5.0
7062.2302161715925,336.28917694091797,113,111,1.0180180088466846,5.0
6802.457607242279,330.28551483154297,117,118,0.9915254153260559,5.0
7426.917105505243,345.2776641845703,117,113,1.0353982209256796,5.0
7056.439369853586,337.19813537597656,116,120,0.9666666586111112,5.0
7922.6339901383035,356.04444885253906,121,121,0.9999999917355373,5.0
7830.627036511898,353.964599609375,89,89,0.9999999887640451,5.0
7866.885953377932,354.9597930908203,113,109,1.0366972381954382,5.0
7173.820654080249,338.83870697021484,118,119,0.9915966303227174,5.0
6787.210912352428,329.5443572998047,117,117,0.9999999914529916,5.0
7290.440617050976,341.54588317871094,112,111,1.0090089999188379,5.0
7392.760209919885,343.9330749511719,122,122,0.9999999918032788,5.0
7766.710560108535,352.61216735839844,112,115,0.9739130350094519,5.0
7232.765210527927,340.23707580566406,111,113,0.9823008762628241,5.0
7245.213699877262,340.67864990234375,121,121,0.9999999917355373,5.0
6861.480467166752,332.37965393066406,117,113,1.0353982209256796,5.0
6988.043272056151,334.77662658691406,118,119,0.9915966303227174,5.0
8289.579359856434,364.2088317871094,120,121,0.9917355289939213,5.0
7009.248986312188,335.3013381958008,115,110,1.0454545359504133,5.0
6652.1868069488555,327.00997161865234,112,116,0.965517233055886,5.0
6925.942990879528,333.8238830566406,118,114,1.035087710218529,5.0
8289.404024293646,365.30333709716797,124,116,1.0689655080261595,5.0
7679.518087781966,351.52953338623047,124,126,0.9841269763164526,5.0
8174.037092532963,361.6572265625,91,92,0.9891304240311911,5.0
6650.725797170773,326.25115966796875,101,98,1.0306122343815078,5.0
7469.562813839875,346.2616424560547,124,123,1.0081300731046337,5.0
8695.714606955647,373.08477783203125,115,118,0.9745762629273198,5.0
6433.453249275684,320.8556823730469,113,112,1.0089285624202806,5.0
7966.948573620059,357.12549591064453,124,125,0.9919999920640001,5.0
7039.907523434609,336.1726379394531,118,114,1.035087710218529,5.0
7554.5048786173575,347.6927261352539,115,114,1.008771920975685,5.0
6998.196005880833,334.699462890625,87,83,1.048192758455509,5.0
7518.702768355608,347.03072357177734,111,107,1.0373831678749237,5.0
6169.658686250448,314.34188079833984,110,110,0.999999990909091,5.0
6817.702297114767,330.73426055908203,113,109,1.0366972381954382,5.0
6752.747800795361,329.3010482788086,115,117,0.9829059745050771,5.0
8233.48048743233,363.07151794433594,116,114,1.0175438507232997,5.0
6701.860345831141,327.5129928588867,107,105,1.0190476093424037,5.0
6959.168891990557,333.85485076904297,106,102,1.0392156760861209,5.0
7461.362490987405,345.5277099609375,103,103,0.9999999902912623,5.0
8124.297346083447,360.56781005859375,90,92,0.9782608589319473,5.0
6635.6517454320565,326.0256576538086,101,97,1.0412371026676588,5.0
8137.509758900851,360.9668884277344,116,113,1.0265486634818703,5.0
6874.037498108111,331.74700927734375,103,100,1.0299999897,5.0
8180.130994040519,361.794189453125,93,90,1.0333333218518521,5.0
6848.689263881184,331.6209487915039,116,113,1.0265486634818703,5.0
7371.622790873051,343.7184143066406,123,122,1.008196713047568,5.0
6792.066084205173,330.6684112548828,117,112,1.0446428478156888,5.0
8116.99591948837,360.42838287353516,115,114,1.008771920975685,5.0
6656.426869217306,327.8742980957031,117,112,1.0446428478156888,5.0
7748.4789581894875,352.2131805419922,112,110,1.01818180892562,5.0
8167.516141824424,361.49737548828125,91,92,0.9891304240311911,5.0
6722.19388461113,328.14147186279297,101,98,1.0306122343815078,5.0
6947.57113389764,334.9700622558594,119,113,1.053097335813298,5.0
7447.148639649153,345.1875686645508,122,122,0.9999999918032788,5.0
7686.213854915462,350.7423553466797,115,113,1.0176991060380611,5.0
7269.668601188809,341.08689880371094,114,115,0.9913043392060492,5.0
8545.615974619985,369.77001953125,93,93,0.9999999892473119,5.0
6727.737467127852,328.3868637084961,100,95,1.0526315678670362,5.0
7751.5757843945175,352.37425231933594,119,116,1.0258620601218789,5.0
7745.76950430125,352.65065002441406,116,109,1.0642201737227508,5.0
7059.865800347179,336.16571044921875,86,83,1.0361445658295836,5.0
6538.860755656846,323.5843734741211,113,115,0.9826086871077506,5.0
7075.5167653001845,336.67456817626953,119,119,0.9999999915966388,5.0
7210.398699599318,339.84810638427734,113,111,1.0180180088466846,5.0
6501.220952138305,323.2602233886719,113,115,0.9826086871077506,5.0
7381.07913556695,344.1725082397461,117,121,0.9669421407690733,5.0
8236.262536335737,363.29947662353516,121,118,1.025423720123528,5.0
7535.53399525024,348.03809356689453,123,125,0.983999992128,5.0
7180.147984011099,339.4765090942383,119,120,0.9916666584027779,5.0
8217.95165210031,362.63301849365234,118,120,0.9833333251388889,5.0
6768.436024993658,329.4387512207031,103,97,1.0618556591561272,5.0
8759.464449718595,374.37255859375,94,95,0.9894736737950139,5.0
7324.82853044942,342.38233184814453,121,122,0.9918032705589896,5.0
7526.888275291771,347.4742736816406,111,116,0.9568965434750298,5.0
8387.33547170274,366.40470123291016,118,116,1.0172413705410226,5.0
7558.8264052942395,347.76839447021484,114,113,1.008849548594252,5.0
6975.324293784797,334.2191162109375,87,82,1.0609755968173709,5.0
7736.573567915708,352.16744232177734,112,106,1.0566037636169456,5.0
6003.323552972637,310.1108093261719,109,110,0.9909090819008266,5.0
7212.889048773795,339.71876525878906,120,120,0.9999999916666668,5.0
7378.038092762232,343.60057067871094,112,111,1.0090089999188379,5.0
7248.7934442628175,340.6897735595703,113,114,0.9912280614804556,5.0
6794.575340360403,329.9021987915039,102,97,1.051546380911893,5.0
8476.108810458332,368.27642822265625,94,93,1.0107526773037347,5.0
7299.192834601272,341.7417755126953,121,122,0.9918032705589896,5.0
7843.292976209894,354.3877716064453,121,118,1.025423720123528,5.0
7272.091631934047,341.6070327758789,116,112,1.0357142764668368,5.0
7008.085458735935,335.0309143066406,118,119,0.9915966303227174,5.0
7747.878200136125,352.19769287109375,106,109,0.9724770552983757,5.0
7117.8760196603835,337.4815444946289,106,105,1.0095237999092972,5.0
5697.0648740157485,302.1855773925781,101,97,1.0412371026676588,5.0
7223.2192170619965,340.20616149902344,121,121,0.9999999917355373,5.0
7991.8807783685625,357.5908660888672,119,119,0.9999999915966388,5.0
7554.346951343119,348.22525787353516,118,113,1.0442477783694888,5.0
7474.530263520777,346.1980743408203,120,122,0.9836065493147005,5.0
6866.664107099175,331.64976501464844,111,109,1.0183486145105631,5.0
6498.667183510959,322.733642578125,113,114,0.9912280614804556,5.0
6935.0694724926725,334.7026062011719,119,114,1.0438596399661435,5.0
7670.573487382382,350.37535095214844,112,114,0.982456131732841,5.0
7778.149741843343,352.77622985839844,123,122,1.008196713047568,5.0
6570.957706131041,324.5138854980469,112,114,0.982456131732841,5.0
6724.309690527618,328.40491485595703,117,116,1.0086206809601665,5.0
6819.021570963785,330.3296890258789,106,104,1.0192307594304735,5.0
7690.329356005415,350.80096435546875,111,110,1.0090908999173556,5.0
7481.480802923441,345.9823760986328,104,103,1.0097087280610804,5.0
6964.219614597037,334.0144729614258,118,118,0.9999999915254238,5.0
7757.805876782164,352.41514587402344,115,117,0.9829059745050771,5.0
6834.630786062218,331.80918884277344,117,112,1.0446428478156888,5.0
6822.16854500398,331.46937561035156,117,113,1.0353982209256796,5.0
7295.972236673348,341.7631072998047,120,121,0.9917355289939213,5.0
7732.451075869612,351.7875061035156,117,118,0.9915254153260559,5.0
7835.2099083233625,354.4512252807617,114,109,1.0458715500378757,5.0
6930.244152182713,333.07794189453125,102,99,1.030303019895929,5.0
9120.705559886992,382.08624267578125,95,98,0.9693877452103291,5.0
6781.620308946818,330.06968688964844,113,109,1.0366972381954382,5.0
6566.762358713895,324.43939208984375,114,115,0.9913043392060492,5.0
7160.300727757625,338.57037353515625,121,120,1.0083333249305557,5.0
7632.479800958186,349.64913177490234,123,124,0.9919354758714881,5.0
7693.898516030982,350.91356658935547,116,118,0.9830508391266878,5.0
7513.165260419715,346.81812286376953,114,112,1.0178571337691327,5.0
6873.043094813824,331.833984375,87,81,1.0740740608139006,5.0
7309.452399171889,342.46246337890625,110,104,1.0576922975221894,5.0
5999.19753862638,310.13002014160156,108,109,0.9908256789832507,5.0
6361.14262669906,319.05067443847656,113,114,0.9912280614804556,5.0
7151.38559937384,338.2720642089844,110,109,1.0091743026681257,5.0
6930.9942811932415,333.3690948486328,113,110,1.0272727179338843,5.0
6556.889078339562,324.17359924316406,113,114,0.9912280614804556,5.0
8229.937137366273,362.9035415649414,121,122,0.9918032705589896,5.0
7728.761924620718,351.65374755859375,89,89,0.9999999887640451,5.0
7749.075654475018,352.24771881103516,112,109,1.0275229263530008,5.0
6650.256907786243,326.27188873291016,114,115,0.9913043392060492,5.0
8890.807876269333,377.1854782104492,119,117,1.017094008400906,5.0
8303.052219536155,364.6477355957031,115,111,1.0360360267023783,5.0
6662.962187707424,328.1592102050781,116,111,1.045045035630225,5.0
6833.6384945502505,330.74718475341797,101,98,1.0306122343815078,5.0
8811.488849274814,375.48614501953125,96,94,1.0212765848800363,5.0
7719.657242692076,351.8135757446289,118,114,1.035087710218529,5.0
7695.1709465272725,351.37430572509766,123,125,0.983999992128,5.0
7553.927065342665,347.9287338256836,122,123,0.991869910635204,5.0
7767.347384154797,352.54505920410156,115,116,0.9913793017984543,5.0
7863.505744503811,354.72069549560547,111,110,1.0090908999173556,5.0
8177.677528476343,361.73956298828125,90,92,0.9782608589319473,5.0
6718.773526793346,328.00901794433594,101,98,1.0306122343815078,5.0
7779.694745452143,352.89410400390625,113,115,0.9826086871077506,5.0
8376.290615266189,366.10401916503906,128,128,0.9999999921875001,5.0
7051.242790263146,336.10546112060547,115,117,0.9829059745050771,5.0
7333.623084168881,342.54857635498047,121,121,0.9999999917355373,5.0
7772.914237579331,352.68128967285156,113,115,0.9826086871077506,5.0
7396.650217529386,344.25801849365234,112,115,0.9739130350094519,5.0
6801.689317582175,330.17847442626953,103,97,1.0618556591561272,5.0
8493.298129905015,368.636962890625,93,93,0.9999999892473119,5.0
6808.783658219501,330.38587188720703,117,117,0.9999999914529916,5.0
8493.978752014227,368.75746154785156,118,116,1.0172413705410226,5.0
6820.271020739805,330.50455474853516,117,117,0.9999999914529916,5.0
7430.883185133338,344.81229400634766,117,116,1.0086206809601665,5.0
6993.402217577212,335.22705078125,114,108,1.055555545781893,5.0
6693.8641046937555,327.94258880615234,115,117,0.9829059745050771,5.0
6908.497569832951,332.5036849975586,102,100,1.0199999898,5.0
9084.296016997658,381.26221466064453,100,102,0.9803921472510574,5.0
8241.54829672724,363.22325134277344,115,117,0.9829059745050771,5.0
6834.6574936285615,330.6898193359375,115,116,0.9913793017984543,5.0
8253.512466542423,363.4041748046875,126,127,0.9921259764399529,5.0
8387.109676796012,366.4532775878906,116,113,1.0265486634818703,5.0
6466.584422806278,321.68550872802734,104,103,1.0097087280610804,5.0
7081.7885216334835,336.6856460571289,106,103,1.0291262036007165,5.0
7436.542275495827,344.98619842529297,100,103,0.970873776981808,5.0
7007.71255428344,334.9228820800781,109,107,1.0186915792645648,5.0
6900.1573214791715,332.3041076660156,103,102,1.009803911668589,5.0
7288.886314384639,341.50584411621094,101,102,0.990196068723568,5.0
8177.908453074284,362.09222412109375,117,112,1.0446428478156888,5.0
8890.219479684718,377.15203857421875,120,121,0.9917355289939213,5.0
7876.267881679349,355.0218505859375,116,115,1.0086956434026466,5.0
7051.038080871105,336.010498046875,87,83,1.048192758455509,5.0
7478.3011970594525,346.4107971191406,110,104,1.0576922975221894,5.0
6544.290645319037,324.0396728515625,112,115,0.9739130350094519,5.0
7055.057500079274,336.2154846191406,120,119,1.00840335287056,5.0
6821.183869598433,330.63819122314453,103,99,1.0404040298949089,5.0
8567.902040667832,370.25213623046875,93,94,0.9893616916025352,5.0
7336.534174550325,342.88016510009766,123,121,1.0165289172187693,5.0
7005.986252776347,334.8074645996094,119,119,0.9999999915966388,5.0
7690.982662672177,350.90758514404297,118,116,1.0172413705410226,5.0
7211.950115551241,340.1314392089844,115,111,1.0360360267023783,5.0
6869.400566846132,331.57896423339844,117,118,0.9915254153260559,5.0
8032.345410873182,359.10780334472656,128,127,1.0078740078120156,5.0
6740.356862111948,329.56910705566406,117,113,1.0353982209256796,5.0
7057.217906687409,336.2431945800781,117,118,0.9915254153260559,5.0
6800.019990681671,329.87648010253906,102,101,1.0099009800999903,5.0
7763.328674660996,352.44403076171875,89,89,0.9999999887640451,5.0
6720.9701636703685,327.96912384033203,102,100,1.0199999898,5.0
8015.796962639317,358.12750244140625,90,91,0.9890109781427365,5.0
7139.7097435910255,338.1584930419922,119,120,0.9916666584027779,5.0
7774.877988464199,352.70298767089844,118,117,1.0085469999269487,5.0
7572.399722320028,348.15228271484375,114,112,1.0178571337691327,5.0
6595.485567964613,325.0309600830078,112,113,0.9911504337066334,5.0
7783.047165997326,352.8868637084961,122,123,0.991869910635204,5.0
8528.64423691202,369.5220489501953,118,114,1.035087710218529,5.0
7358.91005798243,343.33331298828125,119,121,0.9834710662523053,5.0
7291.045888256282,342.2652893066406,117,121,0.9669421407690733,5.0
8040.831483609974,358.68592834472656,113,113,0.9999999911504426,5.0
8038.880454543978,358.640380859375,91,91,0.9999999890109892,5.0
6712.458482222632,327.7525863647461,102,100,1.0199999898,5.0
6829.17042348627,330.56048583984375,105,105,0.9999999904761906,5.0
6963.14867547527,333.8127746582031,105,102,1.0294117546136103,5.0
7754.01580074057,352.2942581176758,104,107,0.9719626077386673,5.0
7738.310292065144,352.2699966430664,115,110,1.0454545359504133,5.0
7835.132902536541,354.0770568847656,117,116,1.0086206809601665,5.0
7678.22338616848,350.52496337890625,89,87,1.022988493988638,5.0
7028.958162459545,335.5116958618164,119,119,0.9999999915966388,5.0
6854.500695437193,331.93544006347656,116,112,1.0357142764668368,5.0
7281.636189406738,341.66053771972656,121,122,0.9918032705589896,5.0
7816.6950331432745,353.6850357055664,116,117,0.9914529829790344,5.0
6952.770135826431,333.54754638671875,118,118,0.9999999915254238,5.0
8028.703081872314,358.4346466064453,120,119,1.00840335287056,5.0
7674.1096813660115,350.4795227050781,123,123,0.9999999918699188,5.0
7753.1343364799395,352.2547607421875,113,116,0.974137922636742,5.0
6999.5938847679645,334.97518157958984,110,114,0.9649122722376117,5.0
6501.503913899884,322.5302200317383,101,101,0.99999999009901,5.0
7293.522555223666,341.6825714111328,107,105,1.0190476093424037,5.0
7762.176587253809,352.4128875732422,105,105,0.9999999904761906,5.0
6953.576284065843,333.5686950683594,103,102,1.009803911668589,5.0
8092.670458149165,359.85009765625,90,92,0.9782608589319473,5.0
6697.303745862097,327.42164611816406,102,98,1.0408163159100376,5.0
8100.115326739848,360.00579833984375,90,92,0.9782608589319473,5.0
7913.473373679444,355.83148193359375,90,90,0.9999999888888891,5.0
7109.51271093823,337.5967483520508,107,102,1.0490195975586314,5.0
7329.844099740498,342.7463684082031,120,122,0.9836065493147005,5.0
7752.138783539645,352.2123718261719,116,117,0.9914529829790344,5.0
7293.997260555625,341.6334686279297,120,121,0.9917355289939213,5.0
7461.318480997346,345.5951690673828,111,113,0.9823008762628241,5.0
6904.432029932737,332.6448287963867,109,112,0.9732142770248725,5.0
7513.965136528015,346.8479537963867,115,113,1.0176991060380611,5.0
7002.100045163184,334.74700927734375,86,83,1.0361445658295836,5.0
7694.580984931439,351.10901641845703,113,108,1.0462962866083678,5.0
6740.110690355301,328.5934143066406,114,116,0.9827586122175982,5.0
8267.756838671863,363.7500762939453,114,112,1.0178571337691327,5.0
6826.3494558259845,330.4876251220703,116,116,0.9999999913793104,5.0
7654.427478114143,350.04659271240234,112,114,0.982456131732841,5.0
6876.494308097288,331.7382583618164,111,112,0.9910714197225766,5.0
7820.2827212028205,353.7304992675781,119,120,0.9916666584027779,5.0
7787.68035261333,352.9937744140625,89,90,0.9888888779012347,5.0
7755.269201248884,352.36181640625,112,109,1.0275229263530008,5.0
6590.871311537921,324.74891662597656,115,115,0.9999999913043479,5.0
8101.671556998044,360.13671875,115,112,1.0267857051179847,5.0
7722.2831188533455,351.5635452270508,116,115,1.0086956434026466,5.0
6758.895562291145,329.02044677734375,85,80,1.0624999867187501,5.0
7592.869068518281,348.6916198730469,109,106,1.0283018770914918,5.0
6335.492111091502,318.54034423828125,111,112,0.9910714197225766,5.0
6831.4598016720265,331.36541748046875,116,113,1.0265486634818703,5.0
7449.095830610953,346.04393768310547,118,111,1.0630630534859185,5.0
7178.960272276774,339.6616439819336,120,121,0.9917355289939213,5.0
7072.964693385176,337.0309295654297,115,110,1.0454545359504133,5.0
6614.410688921809,326.31419372558594,111,115,0.9652173829111532,5.0
6669.805705321021,327.62890625,115,110,1.0454545359504133,5.0
8232.870449356735,362.9610137939453,116,115,1.0086956434026466,5.0
6562.0415477203205,325.11914825439453,115,109,1.0550458618803131,5.0
6623.5013919677585,325.53981018066406,103,102,1.009803911668589,5.0
6956.874227462336,333.7530517578125,106,103,1.0291262036007165,5.0
7461.201432429254,345.5395736694336,101,103,0.980582514751626,5.0
7648.914742432535,349.857666015625,103,105,0.9809523716099774,5.0
6949.417520740069,333.49671936035156,107,105,1.0190476093424037,5.0
7156.560344184749,338.65006256103516,108,104,1.0384615284763314,5.0
7363.759916484356,343.5314483642578,123,122,1.008196713047568,5.0
6536.525996321812,323.41951751708984,104,102,1.0196078331410996,5.0
7085.604496987537,336.7210922241211,104,103,1.0097087280610804,5.0
7711.898783914745,351.3036117553711,103,105,0.9809523716099774,5.0
6850.3019663300365,332.14085388183594,118,113,1.0442477783694888,5.0
7230.977861815598,340.2356948852539,120,121,0.9917355289939213,5.0
8251.368601846509,363.3517761230469,119,119,0.9999999915966388,5.0
8811.082365565933,375.4917907714844,115,116,0.9913793017984543,5.0
7435.251168448478,344.9930191040039,114,111,1.0270270177745313,5.0
7591.767734628171,348.6662902832031,110,106,1.0377358392666431,5.0
6623.940325476229,325.80780029296875,86,79,1.088607581156866,5.0
6437.921362515539,320.9764862060547,113,113,0.9999999911504426,5.0
7619.891870949883,349.1685256958008,115,115,0.9999999913043479,5.0
6846.144063852727,331.1307373046875,86,81,1.0617283819539707,5.0
7565.004970751703,348.23548889160156,111,106,1.0471698014417943,5.0
6414.596472827718,320.62005615234375,112,113,0.9911504337066334,5.0
6862.658649712801,332.2239685058594,117,113,1.0353982209256796,5.0
7372.305863718968,343.5491943359375,122,122,0.9999999918032788,5.0
8093.924965487793,359.86549377441406,118,118,0.9999999915254238,5.0
7140.109022143297,338.3227310180664,106,111,0.9549549463517573,5.0
7996.204692520201,357.9466018676758,124,126,0.9841269763164526,5.0
6216.684577278793,316.018798828125,107,110,0.9727272638842976,5.0
7394.768425952643,344.55408477783203,123,121,1.0165289172187693,5.0
7114.660732276738,338.12438201904297,120,120,0.9999999916666668,5.0
7529.240287388675,347.2850799560547,124,123,1.0081300731046337,5.0
6506.829806671478,322.7221145629883,100,99,1.0101009998979698,5.0
8066.985585670918,359.29852294921875,92,89,1.0337078535538444,5.0
6819.374703478999,330.7464599609375,111,107,1.0373831678749237,5.0
6821.0788338612765,330.7480697631836,115,117,0.9829059745050771,5.0
7030.315652497113,335.4016571044922,105,105,0.9999999904761906,5.0
8387.318741936237,366.33074951171875,93,92,1.0108695542296788,5.0
6981.822004538029,334.60047912597656,112,108,1.0370370274348424,5.0
6554.18109677732,324.3048400878906,113,115,0.9826086871077506,5.0
6951.66024948936,334.85396575927734,118,113,1.0442477783694888,5.0
6360.919636707753,319.1170349121094,113,113,0.9999999911504426,5.0
7864.643562754616,354.7323913574219,114,114,0.9999999912280703,5.0
7503.664643574506,346.6758117675781,123,122,1.008196713047568,5.0
6931.465961297974,333.09371185302734,111,112,0.9910714197225766,5.0
8707.260872218758,373.3497085571289,120,117,1.025641016874863,5.0
6684.41337264888,327.9027633666992,115,111,1.0360360267023783,5.0
7819.418669602368,353.77587890625,118,116,1.0172413705410226,5.0
6936.8990463763475,333.2130126953125,86,82,1.0487804750148724,5.0
7735.844788752496,352.224609375,112,107,1.0467289621801033,5.0
6252.820543128997,316.6309280395508,110,112,0.9821428483737246,5.0
8281.358451509848,364.1371536254883,112,115,0.9739130350094519,5.0
8223.212732709013,362.9007339477539,125,127,0.9842519607539216,5.0
6705.334299603477,327.57518005371094,116,116,0.9999999913793104,5.0
6836.248965698294,332.2881088256836,117,112,1.0446428478156888,5.0
8459.711577700451,368.050048828125,118,115,1.026086947599244,5.0
7748.6232641376555,352.5372314453125,115,109,1.0550458618803131,5.0
7750.329551784322,352.3474655151367,118,114,1.035087710218529,5.0
7232.760401062667,340.21197509765625,87,85,1.0235293997231836,5.0
6454.353119241074,321.48130798339844,112,114,0.982456131732841,5.0
7185.46076406911,340.0545959472656,120,116,1.034482749702735,5.0
7264.320671567693,341.30802154541016,121,120,1.0083333249305557,5.0
7579.264815304428,348.24922943115234,114,115,0.9913043392060492,5.0
6941.300618484616,333.41339111328125,87,82,1.0609755968173709,5.0
7760.823273599148,352.6454315185547,111,106,1.0471698014417943,5.0
6392.330689270049,319.9755096435547,112,113,0.9911504337066334,5.0
7701.74000820145,351.09029388427734,113,111,1.0180180088466846,5.0
7010.017353668809,334.9458465576172,119,118,1.0084745677247917,5.0
7691.561535589397,350.8345184326172,112,113,0.9911504337066334,5.0
6861.8183747678995,331.4885940551758,111,113,0.9823008762628241,5.0
7550.910407278687,347.93798065185547,124,123,1.0081300731046337,5.0
6956.483148671687,333.93128967285156,104,98,1.0612244789670973,5.0
8557.34913585335,370.0279541015625,94,93,1.0107526773037347,5.0
